Workbook

Sheet Задание 2.0
A1: Год рождения
A2: 2004
A4: день рождения
A5: 29
A7: месяц рождения
A8: 6
A10: номер дома
A11: 25
A13: квартира
A14: 1
A16: Вариант
A17: 37
A19: порядковый номер
A20: 26

Sheet Задание 2.1
A1: x | B1: 0 | C1: 1 | D1: 2 | E1: 3 | F1: 4 | G1: 5 | H1: 6
A2: y | B2: =ABS(('Задание 2.0'!$A$17/'Задание 2.0'!$A$5)+B1) -> 1.2758621 | C2: =ABS(('Задание 2.0'!$A$17/'Задание 2.0'!$A$5)+C1) -> 2.2758621 | D2: =ABS(('Задание 2.0'!$A$17/'Задание 2.0'!$A$5)+D1) -> 3.2758621 | E2: =ABS(('Задание 2.0'!$A$17/'Задание 2.0'!$A$5)+E1) -> 4.2758621 | F2: =ABS(('Задание 2.0'!$A$17/'Задание 2.0'!$A$5)+F1) -> 5.2758621 | G2: =ABS(('Задание 2.0'!$A$17/'Задание 2.0'!$A$5)+G1) -> 6.2758621 | H2: =ABS(('Задание 2.0'!$A$17/'Задание 2.0'!$A$5)+H1) -> 7.2758621
A20: x | B20: -9 | C20: -4 | D20: -1 | E20: 0 | F20: 1 | G20: 4 | H20: 9
A21: y | B21: ='Задание 2.0'!$A$5*'Задание 2.1'!B20^2+'Задание 2.0'!$A$8*'Задание 2.1'!B20+MOD('Задание 2.0'!$A$2,'Задание 2.0'!$A$20) -> 2297 | C21: ='Задание 2.0'!$A$5*'Задание 2.1'!C20^2+'Задание 2.0'!$A$8*'Задание 2.1'!C20+MOD('Задание 2.0'!$A$2,'Задание 2.0'!$A$20) -> 442 | D21: ='Задание 2.0'!$A$5*'Задание 2.1'!D20^2+'Задание 2.0'!$A$8*'Задание 2.1'!D20+MOD('Задание 2.0'!$A$2,'Задание 2.0'!$A$20) -> 25 | E21: ='Задание 2.0'!$A$5*'Задание 2.1'!E20^2+'Задание 2.0'!$A$8*'Задание 2.1'!E20+MOD('Задание 2.0'!$A$2,'Задание 2.0'!$A$20) -> 2 | F21: ='Задание 2.0'!$A$5*'Задание 2.1'!F20^2+'Задание 2.0'!$A$8*'Задание 2.1'!F20+MOD('Задание 2.0'!$A$2,'Задание 2.0'!$A$20) -> 37 | G21: ='Задание 2.0'!$A$5*'Задание 2.1'!G20^2+'Задание 2.0'!$A$8*'Задание 2.1'!G20+MOD('Задание 2.0'!$A$2,'Задание 2.0'!$A$20) -> 490 | H21: ='Задание 2.0'!$A$5*'Задание 2.1'!H20^2+'Задание 2.0'!$A$8*'Задание 2.1'!H20+MOD('Задание 2.0'!$A$2,'Задание 2.0'!$A$20) -> 2405
A38: x | B38: -25 | C38: -9 | D38: -4 | E38: -1 | F38: 0 | G38: 1 | H38: 4 | I38: 9 | J38: 25
A39: y | B39: =ABS((5*'Задание 2.1'!B38^2)+(AVERAGE('Задание 2.0'!$A$5,'Задание 2.0'!$A$8,'Задание 2.0'!$A$17)*'Задание 2.1'!B38)+AVERAGE('Задание 2.0'!$A$11,'Задание 2.0'!$A$14,'Задание 2.0'!$A$20)) -> 2542.3333 | C39: =ABS((5*'Задание 2.1'!C38^2)+(AVERAGE('Задание 2.0'!$A$5,'Задание 2.0'!$A$8,'Задание 2.0'!$A$17)*'Задание 2.1'!C38)+AVERAGE('Задание 2.0'!$A$11,'Задание 2.0'!$A$14,'Задание 2.0'!$A$20)) -> 206.33333 | D39: =ABS((5*'Задание 2.1'!D38^2)+(AVERAGE('Задание 2.0'!$A$5,'Задание 2.0'!$A$8,'Задание 2.0'!$A$17)*'Задание 2.1'!D38)+AVERAGE('Задание 2.0'!$A$11,'Задание 2.0'!$A$14,'Задание 2.0'!$A$20)) -> 1.3333333 | E39: =ABS((5*'Задание 2.1'!E38^2)+(AVERAGE('Задание 2.0'!$A$5,'Задание 2.0'!$A$8,'Задание 2.0'!$A$17)*'Задание 2.1'!E38)+AVERAGE('Задание 2.0'!$A$11,'Задание 2.0'!$A$14,'Задание 2.0'!$A$20)) -> 1.6666667 | F39: =ABS((5*'Задание 2.1'!F38^2)+(AVERAGE('Задание 2.0'!$A$5,'Задание 2.0'!$A$8,'Задание 2.0'!$A$17)*'Задание 2.1'!F38)+AVERAGE('Задание 2.0'!$A$11,'Задание 2.0'!$A$14,'Задание 2.0'!$A$20)) -> 17.333333 | G39: =ABS((5*'Задание 2.1'!G38^2)+(AVERAGE('Задание 2.0'!$A$5,'Задание 2.0'!$A$8,'Задание 2.0'!$A$17)*'Задание 2.1'!G38)+AVERAGE('Задание 2.0'!$A$11,'Задание 2.0'!$A$14,'Задание 2.0'!$A$20)) -> 46.333333 | H39: =ABS((5*'Задание 2.1'!H38^2)+(AVERAGE('Задание 2.0'!$A$5,'Задание 2.0'!$A$8,'Задание 2.0'!$A$17)*'Задание 2.1'!H38)+AVERAGE('Задание 2.0'!$A$11,'Задание 2.0'!$A$14,'Задание 2.0'!$A$20)) -> 193.33333 | I39: =ABS((5*'Задание 2.1'!I38^2)+(AVERAGE('Задание 2.0'!$A$5,'Задание 2.0'!$A$8,'Задание 2.0'!$A$17)*'Задание 2.1'!I38)+AVERAGE('Задание 2.0'!$A$11,'Задание 2.0'!$A$14,'Задание 2.0'!$A$20)) -> 638.33333 | J39: =ABS((5*'Задание 2.1'!J38^2)+(AVERAGE('Задание 2.0'!$A$5,'Задание 2.0'!$A$8,'Задание 2.0'!$A$17)*'Задание 2.1'!J38)+AVERAGE('Задание 2.0'!$A$11,'Задание 2.0'!$A$14,'Задание 2.0'!$A$20)) -> 3742.3333
A56: x | B56: 1 | C56: 2 | D56: 3 | E56: 4 | F56: 5
A57: y | B57: =LOG(GCD('Задание 2.0'!$A$5,'Задание 2.0'!$A$14)+'Задание 2.0'!$A$17,ABS('Задание 2.0'!$A$11-'Задание 2.0'!$A$5)+3) -> 1.8693495 | C57: =LOG(GCD('Задание 2.0'!$A$5,'Задание 2.0'!$A$14)+'Задание 2.0'!$A$17,ABS('Задание 2.0'!$A$11-'Задание 2.0'!$A$5)+3) -> 1.8693495 | D57: =LOG(GCD('Задание 2.0'!$A$5,'Задание 2.0'!$A$14)+'Задание 2.0'!$A$17,ABS('Задание 2.0'!$A$11-'Задание 2.0'!$A$5)+3) -> 1.8693495 | E57: =LOG(GCD('Задание 2.0'!$A$5,'Задание 2.0'!$A$14)+'Задание 2.0'!$A$17,ABS('Задание 2.0'!$A$11-'Задание 2.0'!$A$5)+3) -> 1.8693495 | F57: =LOG(GCD('Задание 2.0'!$A$5,'Задание 2.0'!$A$14)+'Задание 2.0'!$A$17,ABS('Задание 2.0'!$A$11-'Задание 2.0'!$A$5)+3) -> 1.8693495

Sheet Задание 2.2(1)
B1: -7.5 | C1: -6 | D1: -4.5 | E1: -3 | F1: -1.5 | G1: 0 | H1: 1.5 | I1: 3 | J1: 4.5 | K1: 6 | L1: 7.5 | O1: a
A2: -5 | B2: =((B$1)^2)/$O$2^2 + (($A2)^2)/$O$5^2 -> 81.25 | C2: =((C$1)^2)/$O$2^2 + (($A2)^2)/$O$5^2 -> 61 | D2: =((D$1)^2)/$O$2^2 + (($A2)^2)/$O$5^2 -> 45.25 | E2: =((E$1)^2)/$O$2^2 + (($A2)^2)/$O$5^2 -> 34 | F2: =((F$1)^2)/$O$2^2 + (($A2)^2)/$O$5^2 -> 27.25 | G2: =((G$1)^2)/$O$2^2 + (($A2)^2)/$O$5^2 -> 25 | H2: =((H$1)^2)/$O$2^2 + (($A2)^2)/$O$5^2 -> 27.25 | I2: =((I$1)^2)/$O$2^2 + (($A2)^2)/$O$5^2 -> 34 | ... L2: =((L$1)^2)/$O$2^2 + (($A2)^2)/$O$5^2 -> 81.25 | O2: 1
A3: -4 | B3: =((B$1)^2)/$O$2^2 + (($A3)^2)/$O$5^2 -> 72.25 | C3: =((C$1)^2)/$O$2^2 + (($A3)^2)/$O$5^2 -> 52 | D3: =((D$1)^2)/$O$2^2 + (($A3)^2)/$O$5^2 -> 36.25 | E3: =((E$1)^2)/$O$2^2 + (($A3)^2)/$O$5^2 -> 25 | F3: =((F$1)^2)/$O$2^2 + (($A3)^2)/$O$5^2 -> 18.25 | G3: =((G$1)^2)/$O$2^2 + (($A3)^2)/$O$5^2 -> 16 | H3: =((H$1)^2)/$O$2^2 + (($A3)^2)/$O$5^2 -> 18.25 | I3: =((I$1)^2)/$O$2^2 + (($A3)^2)/$O$5^2 -> 25 | ... L3: =((L$1)^2)/$O$2^2 + (($A3)^2)/$O$5^2 -> 72.25
A4: -3 | B4: =((B$1)^2)/$O$2^2 + (($A4)^2)/$O$5^2 -> 65.25 | C4: =((C$1)^2)/$O$2^2 + (($A4)^2)/$O$5^2 -> 45 | D4: =((D$1)^2)/$O$2^2 + (($A4)^2)/$O$5^2 -> 29.25 | E4: =((E$1)^2)/$O$2^2 + (($A4)^2)/$O$5^2 -> 18 | F4: =((F$1)^2)/$O$2^2 + (($A4)^2)/$O$5^2 -> 11.25 | G4: =((G$1)^2)/$O$2^2 + (($A4)^2)/$O$5^2 -> 9 | H4: =((H$1)^2)/$O$2^2 + (($A4)^2)/$O$5^2 -> 11.25 | I4: =((I$1)^2)/$O$2^2 + (($A4)^2)/$O$5^2 -> 18 | ... L4: =((L$1)^2)/$O$2^2 + (($A4)^2)/$O$5^2 -> 65.25 | O4: b
A5: -2 | B5: =((B$1)^2)/$O$2^2 + (($A5)^2)/$O$5^2 -> 60.25 | C5: =((C$1)^2)/$O$2^2 + (($A5)^2)/$O$5^2 -> 40 | D5: =((D$1)^2)/$O$2^2 + (($A5)^2)/$O$5^2 -> 24.25 | E5: =((E$1)^2)/$O$2^2 + (($A5)^2)/$O$5^2 -> 13 | F5: =((F$1)^2)/$O$2^2 + (($A5)^2)/$O$5^2 -> 6.25 | G5: =((G$1)^2)/$O$2^2 + (($A5)^2)/$O$5^2 -> 4 | H5: =((H$1)^2)/$O$2^2 + (($A5)^2)/$O$5^2 -> 6.25 | I5: =((I$1)^2)/$O$2^2 + (($A5)^2)/$O$5^2 -> 13 | ... L5: =((L$1)^2)/$O$2^2 + (($A5)^2)/$O$5^2 -> 60.25 | O5: 1
A6: -1 | B6: =((B$1)^2)/$O$2^2 + (($A6)^2)/$O$5^2 -> 57.25 | C6: =((C$1)^2)/$O$2^2 + (($A6)^2)/$O$5^2 -> 37 | D6: =((D$1)^2)/$O$2^2 + (($A6)^2)/$O$5^2 -> 21.25 | E6: =((E$1)^2)/$O$2^2 + (($A6)^2)/$O$5^2 -> 10 | F6: =((F$1)^2)/$O$2^2 + (($A6)^2)/$O$5^2 -> 3.25 | G6: =((G$1)^2)/$O$2^2 + (($A6)^2)/$O$5^2 -> 1 | H6: =((H$1)^2)/$O$2^2 + (($A6)^2)/$O$5^2 -> 3.25 | I6: =((I$1)^2)/$O$2^2 + (($A6)^2)/$O$5^2 -> 10 | ... L6: =((L$1)^2)/$O$2^2 + (($A6)^2)/$O$5^2 -> 57.25
A7: 0 | B7: =((B$1)^2)/$O$2^2 + (($A7)^2)/$O$5^2 -> 56.25 | C7: =((C$1)^2)/$O$2^2 + (($A7)^2)/$O$5^2 -> 36 | D7: =((D$1)^2)/$O$2^2 + (($A7)^2)/$O$5^2 -> 20.25 | E7: =((E$1)^2)/$O$2^2 + (($A7)^2)/$O$5^2 -> 9 | F7: =((F$1)^2)/$O$2^2 + (($A7)^2)/$O$5^2 -> 2.25 | G7: =((G$1)^2)/$O$2^2 + (($A7)^2)/$O$5^2 -> 0 | H7: =((H$1)^2)/$O$2^2 + (($A7)^2)/$O$5^2 -> 2.25 | I7: =((I$1)^2)/$O$2^2 + (($A7)^2)/$O$5^2 -> 9 | ... L7: =((L$1)^2)/$O$2^2 + (($A7)^2)/$O$5^2 -> 56.25
A8: 1 | B8: =((B$1)^2)/$O$2^2 + (($A8)^2)/$O$5^2 -> 57.25 | C8: =((C$1)^2)/$O$2^2 + (($A8)^2)/$O$5^2 -> 37 | D8: =((D$1)^2)/$O$2^2 + (($A8)^2)/$O$5^2 -> 21.25 | E8: =((E$1)^2)/$O$2^2 + (($A8)^2)/$O$5^2 -> 10 | F8: =((F$1)^2)/$O$2^2 + (($A8)^2)/$O$5^2 -> 3.25 | G8: =((G$1)^2)/$O$2^2 + (($A8)^2)/$O$5^2 -> 1 | H8: =((H$1)^2)/$O$2^2 + (($A8)^2)/$O$5^2 -> 3.25 | I8: =((I$1)^2)/$O$2^2 + (($A8)^2)/$O$5^2 -> 10 | ... L8: =((L$1)^2)/$O$2^2 + (($A8)^2)/$O$5^2 -> 57.25
A9: 2 | B9: =((B$1)^2)/$O$2^2 + (($A9)^2)/$O$5^2 -> 60.25 | C9: =((C$1)^2)/$O$2^2 + (($A9)^2)/$O$5^2 -> 40 | D9: =((D$1)^2)/$O$2^2 + (($A9)^2)/$O$5^2 -> 24.25 | E9: =((E$1)^2)/$O$2^2 + (($A9)^2)/$O$5^2 -> 13 | F9: =((F$1)^2)/$O$2^2 + (($A9)^2)/$O$5^2 -> 6.25 | G9: =((G$1)^2)/$O$2^2 + (($A9)^2)/$O$5^2 -> 4 | H9: =((H$1)^2)/$O$2^2 + (($A9)^2)/$O$5^2 -> 6.25 | I9: =((I$1)^2)/$O$2^2 + (($A9)^2)/$O$5^2 -> 13 | ... L9: =((L$1)^2)/$O$2^2 + (($A9)^2)/$O$5^2 -> 60.25
A10: 3 | B10: =((B$1)^2)/$O$2^2 + (($A10)^2)/$O$5^2 -> 65.25 | C10: =((C$1)^2)/$O$2^2 + (($A10)^2)/$O$5^2 -> 45 | D10: =((D$1)^2)/$O$2^2 + (($A10)^2)/$O$5^2 -> 29.25 | E10: =((E$1)^2)/$O$2^2 + (($A10)^2)/$O$5^2 -> 18 | F10: =((F$1)^2)/$O$2^2 + (($A10)^2)/$O$5^2 -> 11.25 | G10: =((G$1)^2)/$O$2^2 + (($A10)^2)/$O$5^2 -> 9 | H10: =((H$1)^2)/$O$2^2 + (($A10)^2)/$O$5^2 -> 11.25 | I10: =((I$1)^2)/$O$2^2 + (($A10)^2)/$O$5^2 -> 18 | ... L10: =((L$1)^2)/$O$2^2 + (($A10)^2)/$O$5^2 -> 65.25
A11: 4 | B11: =((B$1)^2)/$O$2^2 + (($A11)^2)/$O$5^2 -> 72.25 | C11: =((C$1)^2)/$O$2^2 + (($A11)^2)/$O$5^2 -> 52 | D11: =((D$1)^2)/$O$2^2 + (($A11)^2)/$O$5^2 -> 36.25 | E11: =((E$1)^2)/$O$2^2 + (($A11)^2)/$O$5^2 -> 25 | F11: =((F$1)^2)/$O$2^2 + (($A11)^2)/$O$5^2 -> 18.25 | G11: =((G$1)^2)/$O$2^2 + (($A11)^2)/$O$5^2 -> 16 | H11: =((H$1)^2)/$O$2^2 + (($A11)^2)/$O$5^2 -> 18.25 | I11: =((I$1)^2)/$O$2^2 + (($A11)^2)/$O$5^2 -> 25 | ... L11: =((L$1)^2)/$O$2^2 + (($A11)^2)/$O$5^2 -> 72.25
A12: 5 | B12: =((B$1)^2)/$O$2^2 + (($A12)^2)/$O$5^2 -> 81.25 | C12: =((C$1)^2)/$O$2^2 + (($A12)^2)/$O$5^2 -> 61 | D12: =((D$1)^2)/$O$2^2 + (($A12)^2)/$O$5^2 -> 45.25 | E12: =((E$1)^2)/$O$2^2 + (($A12)^2)/$O$5^2 -> 34 | F12: =((F$1)^2)/$O$2^2 + (($A12)^2)/$O$5^2 -> 27.25 | G12: =((G$1)^2)/$O$2^2 + (($A12)^2)/$O$5^2 -> 25 | H12: =((H$1)^2)/$O$2^2 + (($A12)^2)/$O$5^2 -> 27.25 | I12: =((I$1)^2)/$O$2^2 + (($A12)^2)/$O$5^2 -> 34 | ... L12: =((L$1)^2)/$O$2^2 + (($A12)^2)/$O$5^2 -> 81.25

Sheet Задание 2.2(2)
B1: -7.5 | C1: -6 | D1: -4.5 | E1: -3 | F1: -1.5 | G1: 0 | H1: 1.5 | I1: 3 | J1: 4.5 | K1: 6 | L1: 7.5 | O1: a
A2: -5 | B2: =((B$1)^2)/$O$2^2 + (($A2)^2)/$O$5^2 -> 35156.25 | C2: =((C$1)^2)/$O$2^2 + (($A2)^2)/$O$5^2 -> 22500 | D2: =((D$1)^2)/$O$2^2 + (($A2)^2)/$O$5^2 -> 12656.25 | E2: =((E$1)^2)/$O$2^2 + (($A2)^2)/$O$5^2 -> 5625 | F2: =((F$1)^2)/$O$2^2 + (($A2)^2)/$O$5^2 -> 1406.25 | G2: =((G$1)^2)/$O$2^2 + (($A2)^2)/$O$5^2 -> 3.90625e-05 | H2: =((H$1)^2)/$O$2^2 + (($A2)^2)/$O$5^2 -> 1406.25 | I2: =((I$1)^2)/$O$2^2 + (($A2)^2)/$O$5^2 -> 5625 | ... L2: =((L$1)^2)/$O$2^2 + (($A2)^2)/$O$5^2 -> 35156.25 | O2: -0.04
A3: -4 | B3: =((B$1)^2)/$O$2^2 + (($A3)^2)/$O$5^2 -> 35156.25 | C3: =((C$1)^2)/$O$2^2 + (($A3)^2)/$O$5^2 -> 22500 | D3: =((D$1)^2)/$O$2^2 + (($A3)^2)/$O$5^2 -> 12656.25 | E3: =((E$1)^2)/$O$2^2 + (($A3)^2)/$O$5^2 -> 5625 | F3: =((F$1)^2)/$O$2^2 + (($A3)^2)/$O$5^2 -> 1406.25 | G3: =((G$1)^2)/$O$2^2 + (($A3)^2)/$O$5^2 -> 2.5e-05 | H3: =((H$1)^2)/$O$2^2 + (($A3)^2)/$O$5^2 -> 1406.25 | I3: =((I$1)^2)/$O$2^2 + (($A3)^2)/$O$5^2 -> 5625 | ... L3: =((L$1)^2)/$O$2^2 + (($A3)^2)/$O$5^2 -> 35156.25
A4: -3 | B4: =((B$1)^2)/$O$2^2 + (($A4)^2)/$O$5^2 -> 35156.25 | C4: =((C$1)^2)/$O$2^2 + (($A4)^2)/$O$5^2 -> 22500 | D4: =((D$1)^2)/$O$2^2 + (($A4)^2)/$O$5^2 -> 12656.25 | E4: =((E$1)^2)/$O$2^2 + (($A4)^2)/$O$5^2 -> 5625 | F4: =((F$1)^2)/$O$2^2 + (($A4)^2)/$O$5^2 -> 1406.25 | G4: =((G$1)^2)/$O$2^2 + (($A4)^2)/$O$5^2 -> 1.40625e-05 | H4: =((H$1)^2)/$O$2^2 + (($A4)^2)/$O$5^2 -> 1406.25 | I4: =((I$1)^2)/$O$2^2 + (($A4)^2)/$O$5^2 -> 5625 | ... L4: =((L$1)^2)/$O$2^2 + (($A4)^2)/$O$5^2 -> 35156.25 | O4: b
A5: -2 | B5: =((B$1)^2)/$O$2^2 + (($A5)^2)/$O$5^2 -> 35156.25 | C5: =((C$1)^2)/$O$2^2 + (($A5)^2)/$O$5^2 -> 22500 | D5: =((D$1)^2)/$O$2^2 + (($A5)^2)/$O$5^2 -> 12656.25 | E5: =((E$1)^2)/$O$2^2 + (($A5)^2)/$O$5^2 -> 5625 | F5: =((F$1)^2)/$O$2^2 + (($A5)^2)/$O$5^2 -> 1406.25 | G5: =((G$1)^2)/$O$2^2 + (($A5)^2)/$O$5^2 -> 6.25e-06 | H5: =((H$1)^2)/$O$2^2 + (($A5)^2)/$O$5^2 -> 1406.25 | I5: =((I$1)^2)/$O$2^2 + (($A5)^2)/$O$5^2 -> 5625 | ... L5: =((L$1)^2)/$O$2^2 + (($A5)^2)/$O$5^2 -> 35156.25 | O5: 800
A6: -1 | B6: =((B$1)^2)/$O$2^2 + (($A6)^2)/$O$5^2 -> 35156.25 | C6: =((C$1)^2)/$O$2^2 + (($A6)^2)/$O$5^2 -> 22500 | D6: =((D$1)^2)/$O$2^2 + (($A6)^2)/$O$5^2 -> 12656.25 | E6: =((E$1)^2)/$O$2^2 + (($A6)^2)/$O$5^2 -> 5625 | F6: =((F$1)^2)/$O$2^2 + (($A6)^2)/$O$5^2 -> 1406.25 | G6: =((G$1)^2)/$O$2^2 + (($A6)^2)/$O$5^2 -> 1.5625e-06 | H6: =((H$1)^2)/$O$2^2 + (($A6)^2)/$O$5^2 -> 1406.25 | I6: =((I$1)^2)/$O$2^2 + (($A6)^2)/$O$5^2 -> 5625 | ... L6: =((L$1)^2)/$O$2^2 + (($A6)^2)/$O$5^2 -> 35156.25
A7: 0 | B7: =((B$1)^2)/$O$2^2 + (($A7)^2)/$O$5^2 -> 35156.25 | C7: =((C$1)^2)/$O$2^2 + (($A7)^2)/$O$5^2 -> 22500 | D7: =((D$1)^2)/$O$2^2 + (($A7)^2)/$O$5^2 -> 12656.25 | E7: =((E$1)^2)/$O$2^2 + (($A7)^2)/$O$5^2 -> 5625 | F7: =((F$1)^2)/$O$2^2 + (($A7)^2)/$O$5^2 -> 1406.25 | G7: =((G$1)^2)/$O$2^2 + (($A7)^2)/$O$5^2 -> 0 | H7: =((H$1)^2)/$O$2^2 + (($A7)^2)/$O$5^2 -> 1406.25 | I7: =((I$1)^2)/$O$2^2 + (($A7)^2)/$O$5^2 -> 5625 | ... L7: =((L$1)^2)/$O$2^2 + (($A7)^2)/$O$5^2 -> 35156.25
A8: 1 | B8: =((B$1)^2)/$O$2^2 + (($A8)^2)/$O$5^2 -> 35156.25 | C8: =((C$1)^2)/$O$2^2 + (($A8)^2)/$O$5^2 -> 22500 | D8: =((D$1)^2)/$O$2^2 + (($A8)^2)/$O$5^2 -> 12656.25 | E8: =((E$1)^2)/$O$2^2 + (($A8)^2)/$O$5^2 -> 5625 | F8: =((F$1)^2)/$O$2^2 + (($A8)^2)/$O$5^2 -> 1406.25 | G8: =((G$1)^2)/$O$2^2 + (($A8)^2)/$O$5^2 -> 1.5625e-06 | H8: =((H$1)^2)/$O$2^2 + (($A8)^2)/$O$5^2 -> 1406.25 | I8: =((I$1)^2)/$O$2^2 + (($A8)^2)/$O$5^2 -> 5625 | ... L8: =((L$1)^2)/$O$2^2 + (($A8)^2)/$O$5^2 -> 35156.25
A9: 2 | B9: =((B$1)^2)/$O$2^2 + (($A9)^2)/$O$5^2 -> 35156.25 | C9: =((C$1)^2)/$O$2^2 + (($A9)^2)/$O$5^2 -> 22500 | D9: =((D$1)^2)/$O$2^2 + (($A9)^2)/$O$5^2 -> 12656.25 | E9: =((E$1)^2)/$O$2^2 + (($A9)^2)/$O$5^2 -> 5625 | F9: =((F$1)^2)/$O$2^2 + (($A9)^2)/$O$5^2 -> 1406.25 | G9: =((G$1)^2)/$O$2^2 + (($A9)^2)/$O$5^2 -> 6.25e-06 | H9: =((H$1)^2)/$O$2^2 + (($A9)^2)/$O$5^2 -> 1406.25 | I9: =((I$1)^2)/$O$2^2 + (($A9)^2)/$O$5^2 -> 5625 | ... L9: =((L$1)^2)/$O$2^2 + (($A9)^2)/$O$5^2 -> 35156.25
A10: 3 | B10: =((B$1)^2)/$O$2^2 + (($A10)^2)/$O$5^2 -> 35156.25 | C10: =((C$1)^2)/$O$2^2 + (($A10)^2)/$O$5^2 -> 22500 | D10: =((D$1)^2)/$O$2^2 + (($A10)^2)/$O$5^2 -> 12656.25 | E10: =((E$1)^2)/$O$2^2 + (($A10)^2)/$O$5^2 -> 5625 | F10: =((F$1)^2)/$O$2^2 + (($A10)^2)/$O$5^2 -> 1406.25 | G10: =((G$1)^2)/$O$2^2 + (($A10)^2)/$O$5^2 -> 1.40625e-05 | H10: =((H$1)^2)/$O$2^2 + (($A10)^2)/$O$5^2 -> 1406.25 | I10: =((I$1)^2)/$O$2^2 + (($A10)^2)/$O$5^2 -> 5625 | ... L10: =((L$1)^2)/$O$2^2 + (($A10)^2)/$O$5^2 -> 35156.25
A11: 4 | B11: =((B$1)^2)/$O$2^2 + (($A11)^2)/$O$5^2 -> 35156.25 | C11: =((C$1)^2)/$O$2^2 + (($A11)^2)/$O$5^2 -> 22500 | D11: =((D$1)^2)/$O$2^2 + (($A11)^2)/$O$5^2 -> 12656.25 | E11: =((E$1)^2)/$O$2^2 + (($A11)^2)/$O$5^2 -> 5625 | F11: =((F$1)^2)/$O$2^2 + (($A11)^2)/$O$5^2 -> 1406.25 | G11: =((G$1)^2)/$O$2^2 + (($A11)^2)/$O$5^2 -> 2.5e-05 | H11: =((H$1)^2)/$O$2^2 + (($A11)^2)/$O$5^2 -> 1406.25 | I11: =((I$1)^2)/$O$2^2 + (($A11)^2)/$O$5^2 -> 5625 | ... L11: =((L$1)^2)/$O$2^2 + (($A11)^2)/$O$5^2 -> 35156.25
A12: 5 | B12: =((B$1)^2)/$O$2^2 + (($A12)^2)/$O$5^2 -> 35156.25 | C12: =((C$1)^2)/$O$2^2 + (($A12)^2)/$O$5^2 -> 22500 | D12: =((D$1)^2)/$O$2^2 + (($A12)^2)/$O$5^2 -> 12656.25 | E12: =((E$1)^2)/$O$2^2 + (($A12)^2)/$O$5^2 -> 5625 | F12: =((F$1)^2)/$O$2^2 + (($A12)^2)/$O$5^2 -> 1406.25 | G12: =((G$1)^2)/$O$2^2 + (($A12)^2)/$O$5^2 -> 3.90625e-05 | H12: =((H$1)^2)/$O$2^2 + (($A12)^2)/$O$5^2 -> 1406.25 | I12: =((I$1)^2)/$O$2^2 + (($A12)^2)/$O$5^2 -> 5625 | ... L12: =((L$1)^2)/$O$2^2 + (($A12)^2)/$O$5^2 -> 35156.25
B30: -7.5 | C30: -6 | D30: -4.5 | E30: -3 | F30: -1.5 | G30: 0 | H30: 1.5 | I30: 3 | J30: 4.5 | K30: 6 | L30: 7.5 | O30: a
A31: -5 | B31: =((B$1)^2)/$O$31^2 + (($A31)^2)/$O$34^2 -> 0.00025743273 | C31: =((C$1)^2)/$O$31^2 + (($A31)^2)/$O$34^2 -> 0.0002257921 | D31: =((D$1)^2)/$O$31^2 + (($A31)^2)/$O$34^2 -> 0.00020118273 | E31: =((E$1)^2)/$O$31^2 + (($A31)^2)/$O$34^2 -> 0.0001836046 | F31: =((F$1)^2)/$O$31^2 + (($A31)^2)/$O$34^2 -> 0.00017305773 | G31: =((G$1)^2)/$O$31^2 + (($A31)^2)/$O$34^2 -> 0.0001695421 | H31: =((H$1)^2)/$O$31^2 + (($A31)^2)/$O$34^2 -> 0.00017305773 | I31: =((I$1)^2)/$O$31^2 + (($A31)^2)/$O$34^2 -> 0.0001836046 | ... L31: =((L$1)^2)/$O$31^2 + (($A31)^2)/$O$34^2 -> 0.00025743273 | O31: 800
A32: -4 | B32: =((B$1)^2)/$O$31^2 + (($A32)^2)/$O$34^2 -> 0.00019639757 | C32: =((C$1)^2)/$O$31^2 + (($A32)^2)/$O$34^2 -> 0.00016475694 | D32: =((D$1)^2)/$O$31^2 + (($A32)^2)/$O$34^2 -> 0.00014014757 | E32: =((E$1)^2)/$O$31^2 + (($A32)^2)/$O$34^2 -> 0.00012256944 | F32: =((F$1)^2)/$O$31^2 + (($A32)^2)/$O$34^2 -> 0.00011202257 | G32: =((G$1)^2)/$O$31^2 + (($A32)^2)/$O$34^2 -> 0.00010850694 | H32: =((H$1)^2)/$O$31^2 + (($A32)^2)/$O$34^2 -> 0.00011202257 | I32: =((I$1)^2)/$O$31^2 + (($A32)^2)/$O$34^2 -> 0.00012256944 | ... L32: =((L$1)^2)/$O$31^2 + (($A32)^2)/$O$34^2 -> 0.00019639757
A33: -3 | B33: =((B$1)^2)/$O$31^2 + (($A33)^2)/$O$34^2 -> 0.00014892578 | C33: =((C$1)^2)/$O$31^2 + (($A33)^2)/$O$34^2 -> 0.00011728516 | D33: =((D$1)^2)/$O$31^2 + (($A33)^2)/$O$34^2 -> 9.2675781e-05 | E33: =((E$1)^2)/$O$31^2 + (($A33)^2)/$O$34^2 -> 7.5097656e-05 | F33: =((F$1)^2)/$O$31^2 + (($A33)^2)/$O$34^2 -> 6.4550781e-05 | G33: =((G$1)^2)/$O$31^2 + (($A33)^2)/$O$34^2 -> 6.1035156e-05 | H33: =((H$1)^2)/$O$31^2 + (($A33)^2)/$O$34^2 -> 6.4550781e-05 | I33: =((I$1)^2)/$O$31^2 + (($A33)^2)/$O$34^2 -> 7.5097656e-05 | ... L33: =((L$1)^2)/$O$31^2 + (($A33)^2)/$O$34^2 -> 0.00014892578 | O33: b
A34: -2 | B34: =((B$1)^2)/$O$31^2 + (($A34)^2)/$O$34^2 -> 0.00011501736 | C34: =((C$1)^2)/$O$31^2 + (($A34)^2)/$O$34^2 -> 8.3376736e-05 | D34: =((D$1)^2)/$O$31^2 + (($A34)^2)/$O$34^2 -> 5.8767361e-05 | E34: =((E$1)^2)/$O$31^2 + (($A34)^2)/$O$34^2 -> 4.1189236e-05 | F34: =((F$1)^2)/$O$31^2 + (($A34)^2)/$O$34^2 -> 3.0642361e-05 | G34: =((G$1)^2)/$O$31^2 + (($A34)^2)/$O$34^2 -> 2.7126736e-05 | H34: =((H$1)^2)/$O$31^2 + (($A34)^2)/$O$34^2 -> 3.0642361e-05 | I34: =((I$1)^2)/$O$31^2 + (($A34)^2)/$O$34^2 -> 4.1189236e-05 | ... L34: =((L$1)^2)/$O$31^2 + (($A34)^2)/$O$34^2 -> 0.00011501736 | O34: -384
A35: -1 | B35: =((B$1)^2)/$O$31^2 + (($A35)^2)/$O$34^2 -> 9.4672309e-05 | C35: =((C$1)^2)/$O$31^2 + (($A35)^2)/$O$34^2 -> 6.3031684e-05 | D35: =((D$1)^2)/$O$31^2 + (($A35)^2)/$O$34^2 -> 3.8422309e-05 | E35: =((E$1)^2)/$O$31^2 + (($A35)^2)/$O$34^2 -> 2.0844184e-05 | F35: =((F$1)^2)/$O$31^2 + (($A35)^2)/$O$34^2 -> 1.0297309e-05 | G35: =((G$1)^2)/$O$31^2 + (($A35)^2)/$O$34^2 -> 6.781684e-06 | H35: =((H$1)^2)/$O$31^2 + (($A35)^2)/$O$34^2 -> 1.0297309e-05 | I35: =((I$1)^2)/$O$31^2 + (($A35)^2)/$O$34^2 -> 2.0844184e-05 | ... L35: =((L$1)^2)/$O$31^2 + (($A35)^2)/$O$34^2 -> 9.4672309e-05
A36: 0 | B36: =((B$1)^2)/$O$31^2 + (($A36)^2)/$O$34^2 -> 8.7890625e-05 | C36: =((C$1)^2)/$O$31^2 + (($A36)^2)/$O$34^2 -> 5.625e-05 | D36: =((D$1)^2)/$O$31^2 + (($A36)^2)/$O$34^2 -> 3.1640625e-05 | E36: =((E$1)^2)/$O$31^2 + (($A36)^2)/$O$34^2 -> 1.40625e-05 | F36: =((F$1)^2)/$O$31^2 + (($A36)^2)/$O$34^2 -> 3.515625e-06 | G36: =((G$1)^2)/$O$31^2 + (($A36)^2)/$O$34^2 -> 0 | H36: =((H$1)^2)/$O$31^2 + (($A36)^2)/$O$34^2 -> 3.515625e-06 | I36: =((I$1)^2)/$O$31^2 + (($A36)^2)/$O$34^2 -> 1.40625e-05 | ... L36: =((L$1)^2)/$O$31^2 + (($A36)^2)/$O$34^2 -> 8.7890625e-05
A37: 1 | B37: =((B$1)^2)/$O$31^2 + (($A37)^2)/$O$34^2 -> 9.4672309e-05 | C37: =((C$1)^2)/$O$31^2 + (($A37)^2)/$O$34^2 -> 6.3031684e-05 | D37: =((D$1)^2)/$O$31^2 + (($A37)^2)/$O$34^2 -> 3.8422309e-05 | E37: =((E$1)^2)/$O$31^2 + (($A37)^2)/$O$34^2 -> 2.0844184e-05 | F37: =((F$1)^2)/$O$31^2 + (($A37)^2)/$O$34^2 -> 1.0297309e-05 | G37: =((G$1)^2)/$O$31^2 + (($A37)^2)/$O$34^2 -> 6.781684e-06 | H37: =((H$1)^2)/$O$31^2 + (($A37)^2)/$O$34^2 -> 1.0297309e-05 | I37: =((I$1)^2)/$O$31^2 + (($A37)^2)/$O$34^2 -> 2.0844184e-05 | ... L37: =((L$1)^2)/$O$31^2 + (($A37)^2)/$O$34^2 -> 9.4672309e-05
A38: 2 | B38: =((B$1)^2)/$O$31^2 + (($A38)^2)/$O$34^2 -> 0.00011501736 | C38: =((C$1)^2)/$O$31^2 + (($A38)^2)/$O$34^2 -> 8.3376736e-05 | D38: =((D$1)^2)/$O$31^2 + (($A38)^2)/$O$34^2 -> 5.8767361e-05 | E38: =((E$1)^2)/$O$31^2 + (($A38)^2)/$O$34^2 -> 4.1189236e-05 | F38: =((F$1)^2)/$O$31^2 + (($A38)^2)/$O$34^2 -> 3.0642361e-05 | G38: =((G$1)^2)/$O$31^2 + (($A38)^2)/$O$34^2 -> 2.7126736e-05 | H38: =((H$1)^2)/$O$31^2 + (($A38)^2)/$O$34^2 -> 3.0642361e-05 | I38: =((I$1)^2)/$O$31^2 + (($A38)^2)/$O$34^2 -> 4.1189236e-05 | ... L38: =((L$1)^2)/$O$31^2 + (($A38)^2)/$O$34^2 -> 0.00011501736
A39: 3 | B39: =((B$1)^2)/$O$31^2 + (($A39)^2)/$O$34^2 -> 0.00014892578 | C39: =((C$1)^2)/$O$31^2 + (($A39)^2)/$O$34^2 -> 0.00011728516 | D39: =((D$1)^2)/$O$31^2 + (($A39)^2)/$O$34^2 -> 9.2675781e-05 | E39: =((E$1)^2)/$O$31^2 + (($A39)^2)/$O$34^2 -> 7.5097656e-05 | F39: =((F$1)^2)/$O$31^2 + (($A39)^2)/$O$34^2 -> 6.4550781e-05 | G39: =((G$1)^2)/$O$31^2 + (($A39)^2)/$O$34^2 -> 6.1035156e-05 | H39: =((H$1)^2)/$O$31^2 + (($A39)^2)/$O$34^2 -> 6.4550781e-05 | I39: =((I$1)^2)/$O$31^2 + (($A39)^2)/$O$34^2 -> 7.5097656e-05 | ... L39: =((L$1)^2)/$O$31^2 + (($A39)^2)/$O$34^2 -> 0.00014892578
A40: 4 | B40: =((B$1)^2)/$O$31^2 + (($A40)^2)/$O$34^2 -> 0.00019639757 | C40: =((C$1)^2)/$O$31^2 + (($A40)^2)/$O$34^2 -> 0.00016475694 | D40: =((D$1)^2)/$O$31^2 + (($A40)^2)/$O$34^2 -> 0.00014014757 | E40: =((E$1)^2)/$O$31^2 + (($A40)^2)/$O$34^2 -> 0.00012256944 | F40: =((F$1)^2)/$O$31^2 + (($A40)^2)/$O$34^2 -> 0.00011202257 | G40: =((G$1)^2)/$O$31^2 + (($A40)^2)/$O$34^2 -> 0.00010850694 | H40: =((H$1)^2)/$O$31^2 + (($A40)^2)/$O$34^2 -> 0.00011202257 | I40: =((I$1)^2)/$O$31^2 + (($A40)^2)/$O$34^2 -> 0.00012256944 | ... L40: =((L$1)^2)/$O$31^2 + (($A40)^2)/$O$34^2 -> 0.00019639757
A41: 5 | B41: =((B$1)^2)/$O$31^2 + (($A41)^2)/$O$34^2 -> 0.00025743273 | C41: =((C$1)^2)/$O$31^2 + (($A41)^2)/$O$34^2 -> 0.0002257921 | D41: =((D$1)^2)/$O$31^2 + (($A41)^2)/$O$34^2 -> 0.00020118273 | E41: =((E$1)^2)/$O$31^2 + (($A41)^2)/$O$34^2 -> 0.0001836046 | F41: =((F$1)^2)/$O$31^2 + (($A41)^2)/$O$34^2 -> 0.00017305773 | G41: =((G$1)^2)/$O$31^2 + (($A41)^2)/$O$34^2 -> 0.0001695421 | H41: =((H$1)^2)/$O$31^2 + (($A41)^2)/$O$34^2 -> 0.00017305773 | I41: =((I$1)^2)/$O$31^2 + (($A41)^2)/$O$34^2 -> 0.0001836046 | ... L41: =((L$1)^2)/$O$31^2 + (($A41)^2)/$O$34^2 -> 0.00025743273
A59: При маленьких и отрицательных значениях константы "а" и больших положительных значениях константы "b" график расположен поперёк наблюдателя и принимает огромные значения по вертикали. При больших и положительных значениях константы "а" и больших и отрицательных значениях константы "b" график расположен вдоль наблюдателя и принимает малые значения по вертикали.
