Workbook

Sheet Данные
J1: Лекции | K1: Практ. | L1: Лаб.р. | M1: конс. | N1: экз | O1: диф.зач | P1: зач | Q1: курсов.р | R1: ГЭК (защита) | S1: ГЭК (экзамен) | T1: Контроль | U1: Практики | V1: Рук-во | AC1: учебный год | AD1: 2015/2016 | AH1: 2016/2017 | AL1: 2017/2018 | AP1: 2018/2019 | AT1: 2019/2020 | AX1: 2020/2021 | BB1: 2021/2022 | BG1: Стандарт часов по должностям
A2: Код УП | B2: Год нагрузки | C2: Кафедра | D2: ФИО | E2: Степень | F2: Должность | G2: Ставка | H2: Код РУП | I2: Дисциплина / практика / ВКР / ГИА | J2: Часы | W2: Студ. | X2: Количество групп | Y2: Количество подгрупп | Z2: Специальность | AA2: Вид нагрузки | AC2: курс | AD2: 1 | AE2: 2 | AF2: 3 | AG2: 4 | AH2: 1 | AI2: 2 | AJ2: 3 | AK2: 4 | AL2: 1 | AM2: 2 | AN2: 3 | AO2: 4 | AP2: 1 | AQ2: 2 | AR2: 3 | AS2: 4 | AT2: 1 | AU2: 2 | AV2: 3 | AW2: 4 | AX2: 1 | AY2: 2 | AZ2: 3 | BA2: 4 | BB2: 1 | BC2: 2 | BD2: 3 | BE2: 4 | BG2: Должность | BH2: Часы
A3: 3250 | B3: 2015 | C3: компьютерных технологий и электронного обучения | D3: Гончарова Светлана Викторовна | E3: кандидат педагогических наук | F3: доцент | G3: 1 | H3: 13809 | I3: Информатика | J3: 34 | L3: 102 | T3: 12 | W3: =IFERROR(OFFSET($AC$11,0,MATCH(H3,$AD$4:$BE$4,0)),IFERROR(OFFSET($AC$12,0,MATCH(H3,$AD$5:$BE$5,0)),MOD(H3,20)+7)) -> 16 | X3: =IF(W3<=30, "1", "2") -> 1 | Y3: =IF(W3<=15, "1", IF(W3<=30, "2", IF(W3<=45, "3", IF(W3<=60, "4")))) -> 2 | AA3: осн | AC3: год поступления | AD3: 2015 | AE3: 2014 | AF3: 2013 | AG3: 2012 | AH3: 2016 | AI3: 2015 | AJ3: 2014 | AK3: 2013 | AL3: 2017 | AM3: 2016 | AN3: 2015 | AO3: 2014 | AP3: 2018 | AQ3: 2017 | AR3: 2016 | AS3: 2015 | AT3: 2019 | AU3: 2018 | AV3: 2017 | AW3: 2016 | AX3: 2020 | AY3: 2019 | AZ3: 2018 | BA3: 2017 | BB3: 2021 | BC3: 2020 | BD3: 2019 | BE3: 2018 | BG3: заведующий кафедрой | BH3: 700
A4: 4276 | B4: 2015 | C4: компьютерных технологий и электронного обучения | D4: Абрамян Геннадий Владимирович | E4: доктор педагогических наук | F4: профессор | G4: 1 | H4: 13818 | I4: Информационное обеспечение технологического образования. Применение Интернет-технологий в технологическом образовании | J4: 18 | L4: 54 | T4: 21 | W4: =IFERROR(OFFSET($AC$11,0,MATCH(H4,$AD$4:$BE$4,0)),IFERROR(OFFSET($AC$12,0,MATCH(H4,$AD$5:$BE$5,0)),MOD(H4,20)+7)) -> 25 | X4: =IF(W4<=30, "1", "2") -> 1 | Y4: =IF(W4<=15, "1", IF(W4<=30, "2", IF(W4<=45, "3", IF(W4<=60, "4")))) -> 2 | AA4: осн | AC4: Бакалавры (ИВТ) | AD4: 14014 | AE4: 24098 | AF4: 11090 | AG4: 12090 | AH4: 15177 | AI4: 15377 | AJ4: 25432 | AK4: 23456 | AL4: 16591 | AM4: 16002 | AN4: 16003 | AO4: 16457 | AP4: 17043 | AQ4: 17236 | AR4: 17232 | AS4: 17231 | AT4: 19321 | AU4: 2 курс (б) 2018 год/пост | AV4: 3 курс 2017 год/пост | AW4: 4 курс 2016 год/пост | AX4: 10980 | AY4: 19000 | AZ4: 3 курс 2018 год/пост | BA4: 4 курс 2017 год/пост | BB4: 19001 | BC4: 23000 | BD4: 25000 | BE4: 4 курс 2018 год/пост | BG4: профессор | BH4: 750
A5: 4276 | B5: 2015 | C5: компьютерных технологий и электронного обучения | D5: Авксентьева Елена Юрьевна | E5: кандидат педагогических наук | F5: доцент | G5: 1 | H5: 13818 | I5: Информационные технологии | T5: 15 | W5: =IFERROR(OFFSET($AC$11,0,MATCH(H5,$AD$4:$BE$4,0)),IFERROR(OFFSET($AC$12,0,MATCH(H5,$AD$5:$BE$5,0)),MOD(H5,20)+7)) -> 25 | X5: =IF(W5<=30, "1", "2") -> 1 | Y5: =IF(W5<=15, "1", IF(W5<=30, "2", IF(W5<=45, "3", IF(W5<=60, "4")))) -> 2 | AA5: осн | AC5: Магистры (КЭО) | AD5: 14020 | AE5: 34567 | AH5: 34789 | AI5: 12987 | AL5: 16595 | AM5: 15764 | AP5: 17048 | AQ5: 17248 | AT5: 18945 | AU5: 2 курс (м) 2018 год/пост | AX5: 23900 | AY5: 15999 | BB5: 12000 | BC5: 24000 | BG5: доцент | BH5: 800
A6: 4276 | B6: 2015 | C6: компьютерных технологий и электронного обучения | D6: Гончарова Светлана Викторовна | E6: кандидат педагогических наук | F6: доцент | G6: 1 | H6: 13818 | I6: Информационные технологии | J6: 9 | K6: 32 | T6: 3 | W6: =IFERROR(OFFSET($AC$11,0,MATCH(H6,$AD$4:$BE$4,0)),IFERROR(OFFSET($AC$12,0,MATCH(H6,$AD$5:$BE$5,0)),MOD(H6,20)+7)) -> 25 | X6: =IF(W6<=30, "1", "2") -> 1 | Y6: =IF(W6<=15, "1", IF(W6<=30, "2", IF(W6<=45, "3", IF(W6<=60, "4")))) -> 2 | AA6: осн | BG6: старший преподаватель | BH6: 850
A7: 4276 | B7: 2015 | C7: компьютерных технологий и электронного обучения | D7: Ильина Татьяна Сергеевна | E7: нет | F7: старший преподаватель | G7: 1 | H7: 13818 | I7: Информационные технологии | K7: 64 | T7: 3 | W7: =IFERROR(OFFSET($AC$11,0,MATCH(H7,$AD$4:$BE$4,0)),IFERROR(OFFSET($AC$12,0,MATCH(H7,$AD$5:$BE$5,0)),MOD(H7,20)+7)) -> 25 | X7: =IF(W7<=30, "1", "2") -> 1 | Y7: =IF(W7<=15, "1", IF(W7<=30, "2", IF(W7<=45, "3", IF(W7<=60, "4")))) -> 2 | AA7: осн | BG7: ассистент | BH7: 900
A8: 4276 | B8: 2016 | C8: компьютерных технологий и электронного обучения | D8: Готская Ирина Борисовна | E8: доктор педагогических наук | F8: профессор | G8: 1 | H8: 14784 | I8: Информационное обеспечение технологического образования. Применение электронных образовательных ресурсов в технологическом образовании | J8: 32 | L8: 120 | T8: 21 | W8: =IFERROR(OFFSET($AC$11,0,MATCH(H8,$AD$4:$BE$4,0)),IFERROR(OFFSET($AC$12,0,MATCH(H8,$AD$5:$BE$5,0)),MOD(H8,20)+7)) -> 11 | X8: =IF(W8<=30, "1", "2") -> 1 | Y8: =IF(W8<=15, "1", IF(W8<=30, "2", IF(W8<=45, "3", IF(W8<=60, "4")))) -> 1 | AA8: осн | AC8: учебный год | AD8: 2015/2016 | AH8: 2016/2017 | AL8: 2017/2018 | AP8: 2018/2019 | AT8: 2019/2020 | AX8: 2020/2021 | BB8: 2021/2022 | BG8: эксперт-программист | BH8: 900
A9: 4276 | B9: 2017 | C9: компьютерных технологий и электронного обучения | D9: Готская Ирина Борисовна | E9: доктор педагогических наук | F9: профессор | G9: 1 | H9: 16006 | I9: Информационное обеспечение технологического образования. Информационное обеспечение инновационной технологической деятельности | J9: 16 | L9: 60 | T9: 11 | W9: =IFERROR(OFFSET($AC$11,0,MATCH(H9,$AD$4:$BE$4,0)),IFERROR(OFFSET($AC$12,0,MATCH(H9,$AD$5:$BE$5,0)),MOD(H9,20)+7)) -> 13 | X9: =IF(W9<=30, "1", "2") -> 1 | Y9: =IF(W9<=15, "1", IF(W9<=30, "2", IF(W9<=45, "3", IF(W9<=60, "4")))) -> 1 | AA9: осн | AC9: курс | AD9: 1 | AE9: 2 | AF9: 3 | AG9: 4 | AH9: 1 | AI9: 2 | AJ9: 3 | AK9: 4 | AL9: 1 | AM9: 2 | AN9: 3 | AO9: 4 | AP9: 1 | AQ9: 2 | AR9: 3 | AS9: 4 | AT9: 1 | AU9: 2 | AV9: 3 | AW9: 4 | AX9: 1 | AY9: 2 | AZ9: 3 | BA9: 4 | BB9: 1 | BC9: 2 | BD9: 3 | BE9: 4 | BG9: и.о.доцент | BH9: 900
A10: 4277 | B10: 2017 | C10: компьютерных технологий и электронного обучения | D10: Абрамян Геннадий Владимирович | E10: доктор педагогических наук | F10: профессор | G10: 1 | H10: 16005 | I10: Мультимедиа технологии и компьютерная графика | J10: 18 | L10: 54 | T10: 11 | W10: =IFERROR(OFFSET($AC$11,0,MATCH(H10,$AD$4:$BE$4,0)),IFERROR(OFFSET($AC$12,0,MATCH(H10,$AD$5:$BE$5,0)),MOD(H10,20)+7)) -> 12 | X10: =IF(W10<=30, "1", "2") -> 1 | Y10: =IF(W10<=15, "1", IF(W10<=30, "2", IF(W10<=45, "3", IF(W10<=60, "4")))) -> 1 | AA10: осн | AC10: год поступления | AD10: 2015 | AE10: 2014 | AF10: 2013 | AG10: 2012 | AH10: 2016 | AI10: 2015 | AJ10: 2014 | AK10: 2013 | AL10: 2017 | AM10: 2016 | AN10: 2015 | AO10: 2014 | AP10: 2018 | AQ10: 2017 | AR10: 2016 | AS10: 2015 | AT10: 2019 | AU10: 2018 | AV10: 2017 | AW10: 2016 | AX10: 2020 | AY10: 2019 | AZ10: 2018 | BA10: 2017 | BB10: 2021 | BC10: 2020 | BD10: 2019 | BE10: 2018 | BG10: внешний | BH10: 900
A11: 4277 | B11: 2018 | C11: компьютерных технологий и электронного обучения | D11: Абрамян Геннадий Владимирович | E11: доктор педагогических наук | F11: профессор | G11: 1 | H11: 17336 | I11: Мультимедиа технологии и компьютерная графика | L11: 36 | T11: 11 | W11: =IFERROR(OFFSET($AC$11,0,MATCH(H11,$AD$4:$BE$4,0)),IFERROR(OFFSET($AC$12,0,MATCH(H11,$AD$5:$BE$5,0)),MOD(H11,20)+7)) -> 23 | X11: =IF(W11<=30, "1", "2") -> 1 | Y11: =IF(W11<=15, "1", IF(W11<=30, "2", IF(W11<=45, "3", IF(W11<=60, "4")))) -> 2 | AA11: осн | AC11: Бакалавры (ИВТ) | AD11: 13 | AE11: 15 | AF11: 24 | AG11: 34 | AH11: 27 | AI11: 13 | AJ11: 56 | AK11: 55 | AL11: 29 | AM11: 27 | AN11: 13 | AO11: 23 | AP11: 39 | AQ11: 29 | AR11: 27 | AS11: 13 | AT11: 10 | AU11: 39 | AV11: 29 | AW11: 27 | AX11: 20 | AY11: 45 | AZ11: 29 | BA11: 27 | BB11: 20 | BC11: 45 | BD11: 48 | BE11: 39 | BG11: должность | BH11: 1
A12: 4699 | B12: 2016 | C12: компьютерных технологий и электронного обучения | D12: Полякова Наталия Александровна | E12: кандидат педагогических наук | F12: доцент | G12: 1 | H12: 15014 | I12: Информационные технологии | J12: 9 | K12: 32 | T12: 6 | W12: =IFERROR(OFFSET($AC$11,0,MATCH(H12,$AD$4:$BE$4,0)),IFERROR(OFFSET($AC$12,0,MATCH(H12,$AD$5:$BE$5,0)),MOD(H12,20)+7)) -> 21 | X12: =IF(W12<=30, "1", "2") -> 1 | Y12: =IF(W12<=15, "1", IF(W12<=30, "2", IF(W12<=45, "3", IF(W12<=60, "4")))) -> 2 | AA12: осн | AC12: Магистры (КЭО) | AD12: 10 | AE12: 23 | AH12: 56 | AI12: 34 | AL12: 10 | AM12: 10 | AP12: 10 | AQ12: 10 | AT12: 27 | AU12: 10 | AX12: 43 | AY12: 38 | BB12: 43 | BC12: 45 | BG12: должность | BH12: 1
A13: 4699 | B13: 2018 | C13: компьютерных технологий и электронного обучения | D13: Абрамян Геннадий Владимирович | E13: доктор педагогических наук | F13: профессор | G13: 1 | H13: 17337 | I13: Мультимедиа технологии и компьютерная графика | J13: 18 | L13: 54 | T13: 10 | W13: =IFERROR(OFFSET($AC$11,0,MATCH(H13,$AD$4:$BE$4,0)),IFERROR(OFFSET($AC$12,0,MATCH(H13,$AD$5:$BE$5,0)),MOD(H13,20)+7)) -> 24 | X13: =IF(W13<=30, "1", "2") -> 1 | Y13: =IF(W13<=15, "1", IF(W13<=30, "2", IF(W13<=45, "3", IF(W13<=60, "4")))) -> 2 | AA13: осн | BG13: должность | BH13: 1
A14: 4701 | B14: 2016 | C14: компьютерных технологий и электронного обучения | D14: Аксютин Павел Александрович | E14: нет | F14: ассистент | G14: 0.5 | H14: 15313 | I14: Информационные технологии | T14: 7 | W14: =IFERROR(OFFSET($AC$11,0,MATCH(H14,$AD$4:$BE$4,0)),IFERROR(OFFSET($AC$12,0,MATCH(H14,$AD$5:$BE$5,0)),MOD(H14,20)+7)) -> 20 | X14: =IF(W14<=30, "1", "2") -> 1 | Y14: =IF(W14<=15, "1", IF(W14<=30, "2", IF(W14<=45, "3", IF(W14<=60, "4")))) -> 2 | AA14: осн | BG14: должность | BH14: 1
A15: 4701 | B15: 2016 | C15: компьютерных технологий и электронного обучения | D15: Власова Елена Зотиковна | E15: доктор педагогических наук | F15: заведующий кафедрой | G15: 1 | H15: 15313 | I15: Информатика | J15: 2 | T15: 9 | W15: =IFERROR(OFFSET($AC$11,0,MATCH(H15,$AD$4:$BE$4,0)),IFERROR(OFFSET($AC$12,0,MATCH(H15,$AD$5:$BE$5,0)),MOD(H15,20)+7)) -> 20 | X15: =IF(W15<=30, "1", "2") -> 1 | Y15: =IF(W15<=15, "1", IF(W15<=30, "2", IF(W15<=45, "3", IF(W15<=60, "4")))) -> 2 | AA15: осн | BG15: должность | BH15: 1
A16: 4701 | B16: 2016 | C16: компьютерных технологий и электронного обучения | D16: Гончарова Светлана Викторовна | E16: кандидат педагогических наук | F16: доцент | G16: 1 | H16: 15313 | I16: Информатика | J16: 32 | L16: 51 | T16: 4 | W16: =IFERROR(OFFSET($AC$11,0,MATCH(H16,$AD$4:$BE$4,0)),IFERROR(OFFSET($AC$12,0,MATCH(H16,$AD$5:$BE$5,0)),MOD(H16,20)+7)) -> 20 | X16: =IF(W16<=30, "1", "2") -> 1 | Y16: =IF(W16<=15, "1", IF(W16<=30, "2", IF(W16<=45, "3", IF(W16<=60, "4")))) -> 2 | AA16: осн
A17: 4701 | B17: 2016 | C17: компьютерных технологий и электронного обучения | D17: Ильина Татьяна Сергеевна | E17: нет | F17: старший преподаватель | G17: 1 | H17: 15313 | I17: Информатика | L17: 102 | T17: 10 | W17: =IFERROR(OFFSET($AC$11,0,MATCH(H17,$AD$4:$BE$4,0)),IFERROR(OFFSET($AC$12,0,MATCH(H17,$AD$5:$BE$5,0)),MOD(H17,20)+7)) -> 20 | X17: =IF(W17<=30, "1", "2") -> 1 | Y17: =IF(W17<=15, "1", IF(W17<=30, "2", IF(W17<=45, "3", IF(W17<=60, "4")))) -> 2 | AA17: осн
A18: 4701 | B18: 2016 | C18: компьютерных технологий и электронного обучения | D18: Карпова Наталья Александровна | E18: кандидат технических наук | F18: доцент | G18: 0.5 | H18: 15313 | I18: Информационные технологии | J18: 17 | L18: 102 | T18: 12 | W18: =IFERROR(OFFSET($AC$11,0,MATCH(H18,$AD$4:$BE$4,0)),IFERROR(OFFSET($AC$12,0,MATCH(H18,$AD$5:$BE$5,0)),MOD(H18,20)+7)) -> 20 | X18: =IF(W18<=30, "1", "2") -> 1 | Y18: =IF(W18<=15, "1", IF(W18<=30, "2", IF(W18<=45, "3", IF(W18<=60, "4")))) -> 2 | AA18: осн
A19: 4755 | B19: 2016 | C19: компьютерных технологий и электронного обучения | D19: Абрамян Геннадий Владимирович | E19: доктор педагогических наук | F19: профессор | G19: 1 | H19: 15058 | I19: Информационное обеспечение технологического образования. Применение Интернет-технологий в технологическом образовании | J19: 18 | L19: 72 | T19: 17 | W19: =IFERROR(OFFSET($AC$11,0,MATCH(H19,$AD$4:$BE$4,0)),IFERROR(OFFSET($AC$12,0,MATCH(H19,$AD$5:$BE$5,0)),MOD(H19,20)+7)) -> 25 | X19: =IF(W19<=30, "1", "2") -> 1 | Y19: =IF(W19<=15, "1", IF(W19<=30, "2", IF(W19<=45, "3", IF(W19<=60, "4")))) -> 2 | AA19: осн
A20: 4755 | B20: 2016 | C20: компьютерных технологий и электронного обучения | D20: Авксентьева Елена Юрьевна | E20: кандидат педагогических наук | F20: доцент | G20: 1 | H20: 15058 | I20: Информационные технологии | K20: 96 | T20: 12 | W20: =IFERROR(OFFSET($AC$11,0,MATCH(H20,$AD$4:$BE$4,0)),IFERROR(OFFSET($AC$12,0,MATCH(H20,$AD$5:$BE$5,0)),MOD(H20,20)+7)) -> 25 | X20: =IF(W20<=30, "1", "2") -> 1 | Y20: =IF(W20<=15, "1", IF(W20<=30, "2", IF(W20<=45, "3", IF(W20<=60, "4")))) -> 2 | AA20: осн
A21: 4755 | B21: 2016 | C21: компьютерных технологий и электронного обучения | D21: Карпова Наталья Александровна | E21: кандидат технических наук | F21: доцент | G21: 1 | H21: 15058 | I21: Информационное обеспечение технологического образования. Применение Интернет-технологий в технологическом образовании | T21: 2 | W21: =IFERROR(OFFSET($AC$11,0,MATCH(H21,$AD$4:$BE$4,0)),IFERROR(OFFSET($AC$12,0,MATCH(H21,$AD$5:$BE$5,0)),MOD(H21,20)+7)) -> 25 | X21: =IF(W21<=30, "1", "2") -> 1 | Y21: =IF(W21<=15, "1", IF(W21<=30, "2", IF(W21<=45, "3", IF(W21<=60, "4")))) -> 2 | AA21: осн
A22: 4755 | B22: 2016 | C22: компьютерных технологий и электронного обучения | D22: Полякова Наталия Александровна | E22: кандидат педагогических наук | F22: доцент | G22: 1 | H22: 15058 | I22: Информационные технологии | J22: 9 | W22: =IFERROR(OFFSET($AC$11,0,MATCH(H22,$AD$4:$BE$4,0)),IFERROR(OFFSET($AC$12,0,MATCH(H22,$AD$5:$BE$5,0)),MOD(H22,20)+7)) -> 25 | X22: =IF(W22<=30, "1", "2") -> 1 | Y22: =IF(W22<=15, "1", IF(W22<=30, "2", IF(W22<=45, "3", IF(W22<=60, "4")))) -> 2 | AA22: осн
A23: 4755 | B23: 2017 | C23: компьютерных технологий и электронного обучения | D23: Готская Ирина Борисовна | E23: доктор педагогических наук | F23: профессор | G23: 1 | H23: 16007 | I23: Информационное обеспечение технологического образования. Применение электронных образовательных ресурсов в технологическом образовании | J23: 32 | L23: 160 | T23: 22 | W23: =IFERROR(OFFSET($AC$11,0,MATCH(H23,$AD$4:$BE$4,0)),IFERROR(OFFSET($AC$12,0,MATCH(H23,$AD$5:$BE$5,0)),MOD(H23,20)+7)) -> 14 | X23: =IF(W23<=30, "1", "2") -> 1 | Y23: =IF(W23<=15, "1", IF(W23<=30, "2", IF(W23<=45, "3", IF(W23<=60, "4")))) -> 1 | AA23: осн
A24: 4755 | B24: 2018 | C24: компьютерных технологий и электронного обучения | D24: Готская Ирина Борисовна | E24: доктор педагогических наук | F24: профессор | G24: 0.75 | H24: 17235 | I24: Информационное обеспечение технологического образования. Информационное обеспечение инновационной технологической деятельности | J24: 16 | L24: 80 | T24: 13 | W24: =IFERROR(OFFSET($AC$11,0,MATCH(H24,$AD$4:$BE$4,0)),IFERROR(OFFSET($AC$12,0,MATCH(H24,$AD$5:$BE$5,0)),MOD(H24,20)+7)) -> 22 | X24: =IF(W24<=30, "1", "2") -> 1 | Y24: =IF(W24<=15, "1", IF(W24<=30, "2", IF(W24<=45, "3", IF(W24<=60, "4")))) -> 2 | AA24: осн
A25: 4848 | B25: 2015 | C25: компьютерных технологий и электронного обучения | D25: Абрамян Геннадий Владимирович | E25: доктор педагогических наук | F25: профессор | G25: 1 | H25: 14014 | I25: ЭВМ и периферийные устройства | J25: 42 | L25: 42 | M25: 1 | N25: 1 | W25: =IFERROR(OFFSET($AC$11,0,MATCH(H25,$AD$4:$BE$4,0)),IFERROR(OFFSET($AC$12,0,MATCH(H25,$AD$5:$BE$5,0)),MOD(H25,20)+7)) -> 13 | X25: =IF(W25<=30, "1", "2") -> 1 | Y25: =IF(W25<=15, "1", IF(W25<=30, "2", IF(W25<=45, "3", IF(W25<=60, "4")))) -> 1 | AA25: осн
A26: 4848 | B26: 2015 | C26: компьютерных технологий и электронного обучения | D26: Власова Елена Зотиковна | E26: доктор педагогических наук | F26: заведующий кафедрой | G26: 1 | H26: 14014 | I26: Информатика | J26: 17 | K26: 17 | M26: 1 | N26: 1 | W26: =IFERROR(OFFSET($AC$11,0,MATCH(H26,$AD$4:$BE$4,0)),IFERROR(OFFSET($AC$12,0,MATCH(H26,$AD$5:$BE$5,0)),MOD(H26,20)+7)) -> 13 | X26: =IF(W26<=30, "1", "2") -> 1 | Y26: =IF(W26<=15, "1", IF(W26<=30, "2", IF(W26<=45, "3", IF(W26<=60, "4")))) -> 1 | AA26: осн
A27: 4848 | B27: 2015 | C27: компьютерных технологий и электронного обучения | D27: Власова Елена Зотиковна | E27: доктор педагогических наук | F27: заведующий кафедрой | G27: 1 | H27: 14014 | I27: Программирование | J27: 13 | L27: 23 | P27: 1 | W27: =IFERROR(OFFSET($AC$11,0,MATCH(H27,$AD$4:$BE$4,0)),IFERROR(OFFSET($AC$12,0,MATCH(H27,$AD$5:$BE$5,0)),MOD(H27,20)+7)) -> 13 | X27: =IF(W27<=30, "1", "2") -> 1 | Y27: =IF(W27<=15, "1", IF(W27<=30, "2", IF(W27<=45, "3", IF(W27<=60, "4")))) -> 1 | AA27: осн
A28: 4848 | B28: 2015 | C28: компьютерных технологий и электронного обучения | D28: Власова Елена Зотиковна | E28: доктор педагогических наук | F28: заведующий кафедрой | G28: 1 | H28: 14014 | I28: Модуль "ИТ в математике и физике" | M28: 1 | N28: 1 | W28: =IFERROR(OFFSET($AC$11,0,MATCH(H28,$AD$4:$BE$4,0)),IFERROR(OFFSET($AC$12,0,MATCH(H28,$AD$5:$BE$5,0)),MOD(H28,20)+7)) -> 13 | X28: =IF(W28<=30, "1", "2") -> 1 | Y28: =IF(W28<=15, "1", IF(W28<=30, "2", IF(W28<=45, "3", IF(W28<=60, "4")))) -> 1 | AA28: осн
A29: 4848 | B29: 2015 | C29: компьютерных технологий и электронного обучения | D29: Власова Елена Зотиковна | E29: доктор педагогических наук | F29: заведующий кафедрой | G29: 1 | H29: 14014 | I29: Модуль "ИТ в математике и физике". ИТ в физике | J29: 12 | W29: =IFERROR(OFFSET($AC$11,0,MATCH(H29,$AD$4:$BE$4,0)),IFERROR(OFFSET($AC$12,0,MATCH(H29,$AD$5:$BE$5,0)),MOD(H29,20)+7)) -> 13 | X29: =IF(W29<=30, "1", "2") -> 1 | Y29: =IF(W29<=15, "1", IF(W29<=30, "2", IF(W29<=45, "3", IF(W29<=60, "4")))) -> 1 | AA29: осн
A30: 4848 | B30: 2015 | C30: компьютерных технологий и электронного обучения | D30: Гончарова Светлана Викторовна | E30: кандидат педагогических наук | F30: доцент | G30: 1 | H30: 14014 | I30: Информатика | L30: 34 | W30: =IFERROR(OFFSET($AC$11,0,MATCH(H30,$AD$4:$BE$4,0)),IFERROR(OFFSET($AC$12,0,MATCH(H30,$AD$5:$BE$5,0)),MOD(H30,20)+7)) -> 13 | X30: =IF(W30<=30, "1", "2") -> 1 | Y30: =IF(W30<=15, "1", IF(W30<=30, "2", IF(W30<=45, "3", IF(W30<=60, "4")))) -> 1 | AA30: осн
A31: 4848 | B31: 2015 | C31: компьютерных технологий и электронного обучения | D31: Гончарова Светлана Викторовна | E31: кандидат педагогических наук | F31: доцент | G31: 1 | H31: 14014 | I31: Модуль "ИТ в математике и физике" | N31: 1 | W31: =IFERROR(OFFSET($AC$11,0,MATCH(H31,$AD$4:$BE$4,0)),IFERROR(OFFSET($AC$12,0,MATCH(H31,$AD$5:$BE$5,0)),MOD(H31,20)+7)) -> 13 | X31: =IF(W31<=30, "1", "2") -> 1 | Y31: =IF(W31<=15, "1", IF(W31<=30, "2", IF(W31<=45, "3", IF(W31<=60, "4")))) -> 1 | AA31: осн
A32: 4848 | B32: 2015 | C32: компьютерных технологий и электронного обучения | D32: Гончарова Светлана Викторовна | E32: кандидат педагогических наук | F32: доцент | G32: 1 | H32: 14014 | I32: Модуль "ИТ в математике и физике". ИТ в физике | L32: 24 | P32: 1 | W32: =IFERROR(OFFSET($AC$11,0,MATCH(H32,$AD$4:$BE$4,0)),IFERROR(OFFSET($AC$12,0,MATCH(H32,$AD$5:$BE$5,0)),MOD(H32,20)+7)) -> 13 | X32: =IF(W32<=30, "1", "2") -> 1 | Y32: =IF(W32<=15, "1", IF(W32<=30, "2", IF(W32<=45, "3", IF(W32<=60, "4")))) -> 1 | AA32: осн
A33: 4848 | B33: 2015 | C33: компьютерных технологий и электронного обучения | D33: Гончарова Светлана Викторовна | E33: кандидат педагогических наук | F33: доцент | G33: 1 | H33: 14014 | I33: Программирование | J33: 14 | L33: 22 | P33: 1 | W33: =IFERROR(OFFSET($AC$11,0,MATCH(H33,$AD$4:$BE$4,0)),IFERROR(OFFSET($AC$12,0,MATCH(H33,$AD$5:$BE$5,0)),MOD(H33,20)+7)) -> 13 | X33: =IF(W33<=30, "1", "2") -> 1 | Y33: =IF(W33<=15, "1", IF(W33<=30, "2", IF(W33<=45, "3", IF(W33<=60, "4")))) -> 1 | AA33: осн
A34: 4848 | B34: 2015 | C34: компьютерных технологий и электронного обучения | D34: Государев Илья Борисович | E34: кандидат педагогических наук | F34: доцент | G34: 1 | H34: 14014 | I34: Информационные технологии в изучении иностранных языков | J34: 6 | L34: 12 | P34: 1 | W34: =IFERROR(OFFSET($AC$11,0,MATCH(H34,$AD$4:$BE$4,0)),IFERROR(OFFSET($AC$12,0,MATCH(H34,$AD$5:$BE$5,0)),MOD(H34,20)+7)) -> 13 | X34: =IF(W34<=30, "1", "2") -> 1 | Y34: =IF(W34<=15, "1", IF(W34<=30, "2", IF(W34<=45, "3", IF(W34<=60, "4")))) -> 1 | AA34: осн
A35: 4848 | B35: 2015 | C35: компьютерных технологий и электронного обучения | D35: Государев Илья Борисович | E35: кандидат педагогических наук | F35: доцент | G35: 1 | H35: 14014 | I35: Модуль "Дискретные структуры" | M35: 1 | N35: 1 | W35: =IFERROR(OFFSET($AC$11,0,MATCH(H35,$AD$4:$BE$4,0)),IFERROR(OFFSET($AC$12,0,MATCH(H35,$AD$5:$BE$5,0)),MOD(H35,20)+7)) -> 13 | X35: =IF(W35<=30, "1", "2") -> 1 | Y35: =IF(W35<=15, "1", IF(W35<=30, "2", IF(W35<=45, "3", IF(W35<=60, "4")))) -> 1 | AA35: осн
A36: 4848 | B36: 2015 | C36: компьютерных технологий и электронного обучения | D36: Государев Илья Борисович | E36: кандидат педагогических наук | F36: доцент | G36: 1 | H36: 14014 | I36: Модуль "Дискретные структуры". Дискретная математика | J36: 17 | K36: 17 | W36: =IFERROR(OFFSET($AC$11,0,MATCH(H36,$AD$4:$BE$4,0)),IFERROR(OFFSET($AC$12,0,MATCH(H36,$AD$5:$BE$5,0)),MOD(H36,20)+7)) -> 13 | X36: =IF(W36<=30, "1", "2") -> 1 | Y36: =IF(W36<=15, "1", IF(W36<=30, "2", IF(W36<=45, "3", IF(W36<=60, "4")))) -> 1 | AA36: осн
A37: 4848 | B37: 2015 | C37: компьютерных технологий и электронного обучения | D37: Государев Илья Борисович | E37: кандидат педагогических наук | F37: доцент | G37: 1 | H37: 14014 | I37: Модуль "Дискретные структуры". Алгоритмы и анализ сложности | J37: 9 | K37: 9 | W37: =IFERROR(OFFSET($AC$11,0,MATCH(H37,$AD$4:$BE$4,0)),IFERROR(OFFSET($AC$12,0,MATCH(H37,$AD$5:$BE$5,0)),MOD(H37,20)+7)) -> 13 | X37: =IF(W37<=30, "1", "2") -> 1 | Y37: =IF(W37<=15, "1", IF(W37<=30, "2", IF(W37<=45, "3", IF(W37<=60, "4")))) -> 1 | AA37: осн
A38: 4848 | B38: 2015 | C38: компьютерных технологий и электронного обучения | D38: Ильина Татьяна Сергеевна | E38: нет | F38: старший преподаватель | G38: 1 | H38: 14014 | I38: Математика | J38: 54 | K38: 54 | M38: 1 | N38: 1 | W38: =IFERROR(OFFSET($AC$11,0,MATCH(H38,$AD$4:$BE$4,0)),IFERROR(OFFSET($AC$12,0,MATCH(H38,$AD$5:$BE$5,0)),MOD(H38,20)+7)) -> 13 | X38: =IF(W38<=30, "1", "2") -> 1 | Y38: =IF(W38<=15, "1", IF(W38<=30, "2", IF(W38<=45, "3", IF(W38<=60, "4")))) -> 1 | AA38: осн
A39: 4848 | B39: 2015 | C39: компьютерных технологий и электронного обучения | D39: Ильина Татьяна Сергеевна | E39: нет | F39: старший преподаватель | G39: 1 | H39: 14014 | I39: Модуль "ИТ в математике и физике". Информационные технологии в математике | L39: 36 | W39: =IFERROR(OFFSET($AC$11,0,MATCH(H39,$AD$4:$BE$4,0)),IFERROR(OFFSET($AC$12,0,MATCH(H39,$AD$5:$BE$5,0)),MOD(H39,20)+7)) -> 13 | X39: =IF(W39<=30, "1", "2") -> 1 | Y39: =IF(W39<=15, "1", IF(W39<=30, "2", IF(W39<=45, "3", IF(W39<=60, "4")))) -> 1 | AA39: осн
A40: 4848 | B40: 2016 | C40: компьютерных технологий и электронного обучения | D40: Абрамян Геннадий Владимирович | E40: доктор педагогических наук | F40: профессор | G40: 1 | H40: 15377 | I40: Базы данных | J40: 36 | K40: 12 | L40: 26 | M40: 1 | N40: 1 | W40: =IFERROR(OFFSET($AC$11,0,MATCH(H40,$AD$4:$BE$4,0)),IFERROR(OFFSET($AC$12,0,MATCH(H40,$AD$5:$BE$5,0)),MOD(H40,20)+7)) -> 13 | X40: =IF(W40<=30, "1", "2") -> 1 | Y40: =IF(W40<=15, "1", IF(W40<=30, "2", IF(W40<=45, "3", IF(W40<=60, "4")))) -> 1 | AA40: осн
A41: 4848 | B41: 2016 | C41: компьютерных технологий и электронного обучения | D41: Абрамян Геннадий Владимирович | E41: доктор педагогических наук | F41: профессор | G41: 1 | H41: 15377 | I41: Операционные системы | J41: 4 | K41: 14 | L41: 14 | P41: 1 | W41: =IFERROR(OFFSET($AC$11,0,MATCH(H41,$AD$4:$BE$4,0)),IFERROR(OFFSET($AC$12,0,MATCH(H41,$AD$5:$BE$5,0)),MOD(H41,20)+7)) -> 13 | X41: =IF(W41<=30, "1", "2") -> 1 | Y41: =IF(W41<=15, "1", IF(W41<=30, "2", IF(W41<=45, "3", IF(W41<=60, "4")))) -> 1 | AA41: осн
A42: 4848 | B42: 2016 | C42: компьютерных технологий и электронного обучения | D42: Абрамян Геннадий Владимирович | E42: доктор педагогических наук | F42: профессор | G42: 1 | H42: 15377 | I42: Программирование | J42: 34 | W42: =IFERROR(OFFSET($AC$11,0,MATCH(H42,$AD$4:$BE$4,0)),IFERROR(OFFSET($AC$12,0,MATCH(H42,$AD$5:$BE$5,0)),MOD(H42,20)+7)) -> 13 | X42: =IF(W42<=30, "1", "2") -> 1 | Y42: =IF(W42<=15, "1", IF(W42<=30, "2", IF(W42<=45, "3", IF(W42<=60, "4")))) -> 1
A43: 4848 | B43: 2016 | C43: компьютерных технологий и электронного обучения | D43: Авксентьева Елена Юрьевна | E43: кандидат педагогических наук | F43: доцент | G43: 1 | H43: 15377 | I43: Модуль "Технологии и методы вычислений". Информационные технологии в решении задач оптимизации | J43: 18 | L43: 18 | W43: =IFERROR(OFFSET($AC$11,0,MATCH(H43,$AD$4:$BE$4,0)),IFERROR(OFFSET($AC$12,0,MATCH(H43,$AD$5:$BE$5,0)),MOD(H43,20)+7)) -> 13 | X43: =IF(W43<=30, "1", "2") -> 1 | Y43: =IF(W43<=15, "1", IF(W43<=30, "2", IF(W43<=45, "3", IF(W43<=60, "4")))) -> 1 | AA43: осн
A44: 4848 | B44: 2016 | C44: компьютерных технологий и электронного обучения | D44: Власова Елена Зотиковна | E44: доктор педагогических наук | F44: заведующий кафедрой | G44: 1 | H44: 15377 | I44: Модуль "Технологии и методы вычислений" | M44: 1 | N44: 1 | W44: =IFERROR(OFFSET($AC$11,0,MATCH(H44,$AD$4:$BE$4,0)),IFERROR(OFFSET($AC$12,0,MATCH(H44,$AD$5:$BE$5,0)),MOD(H44,20)+7)) -> 13 | X44: =IF(W44<=30, "1", "2") -> 1 | Y44: =IF(W44<=15, "1", IF(W44<=30, "2", IF(W44<=45, "3", IF(W44<=60, "4")))) -> 1 | AA44: осн
A45: 4848 | B45: 2016 | C45: компьютерных технологий и электронного обучения | D45: Власова Елена Зотиковна | E45: доктор педагогических наук | F45: заведующий кафедрой | G45: 1 | H45: 15377 | I45: Модуль "Технологии и методы вычислений". Анализ данных | J45: 17 | W45: =IFERROR(OFFSET($AC$11,0,MATCH(H45,$AD$4:$BE$4,0)),IFERROR(OFFSET($AC$12,0,MATCH(H45,$AD$5:$BE$5,0)),MOD(H45,20)+7)) -> 13 | X45: =IF(W45<=30, "1", "2") -> 1 | Y45: =IF(W45<=15, "1", IF(W45<=30, "2", IF(W45<=45, "3", IF(W45<=60, "4")))) -> 1 | AA45: осн
A46: 4848 | B46: 2016 | C46: компьютерных технологий и электронного обучения | D46: Власова Елена Зотиковна | E46: доктор педагогических наук | F46: заведующий кафедрой | G46: 1 | H46: 15377 | I46: Модуль "Технологии и методы вычислений". Вычислительная математика | J46: 17 | W46: =IFERROR(OFFSET($AC$11,0,MATCH(H46,$AD$4:$BE$4,0)),IFERROR(OFFSET($AC$12,0,MATCH(H46,$AD$5:$BE$5,0)),MOD(H46,20)+7)) -> 13 | X46: =IF(W46<=30, "1", "2") -> 1 | Y46: =IF(W46<=15, "1", IF(W46<=30, "2", IF(W46<=45, "3", IF(W46<=60, "4")))) -> 1 | AA46: осн
A47: 4848 | B47: 2016 | C47: компьютерных технологий и электронного обучения | D47: Власова Елена Зотиковна | E47: доктор педагогических наук | F47: заведующий кафедрой | G47: 1 | H47: 15377 | I47: Модуль "Технологии и методы вычислений". Технологии компьютерного моделирования | J47: 18 | L47: 27 | W47: =IFERROR(OFFSET($AC$11,0,MATCH(H47,$AD$4:$BE$4,0)),IFERROR(OFFSET($AC$12,0,MATCH(H47,$AD$5:$BE$5,0)),MOD(H47,20)+7)) -> 13 | X47: =IF(W47<=30, "1", "2") -> 1 | Y47: =IF(W47<=15, "1", IF(W47<=30, "2", IF(W47<=45, "3", IF(W47<=60, "4")))) -> 1 | AA47: осн
A48: 4848 | B48: 2016 | C48: компьютерных технологий и электронного обучения | D48: Гончарова Светлана Викторовна | E48: кандидат педагогических наук | F48: доцент | G48: 1 | H48: 15377 | I48: Модуль "Технологии и методы вычислений" | N48: 1 | W48: =IFERROR(OFFSET($AC$11,0,MATCH(H48,$AD$4:$BE$4,0)),IFERROR(OFFSET($AC$12,0,MATCH(H48,$AD$5:$BE$5,0)),MOD(H48,20)+7)) -> 13 | X48: =IF(W48<=30, "1", "2") -> 1 | Y48: =IF(W48<=15, "1", IF(W48<=30, "2", IF(W48<=45, "3", IF(W48<=60, "4")))) -> 1 | AA48: осн
A49: 4848 | B49: 2016 | C49: компьютерных технологий и электронного обучения | D49: Гончарова Светлана Викторовна | E49: кандидат педагогических наук | F49: доцент | G49: 1 | H49: 15377 | I49: Модуль "Технологии и методы вычислений". Анализ данных | L49: 34 | W49: =IFERROR(OFFSET($AC$11,0,MATCH(H49,$AD$4:$BE$4,0)),IFERROR(OFFSET($AC$12,0,MATCH(H49,$AD$5:$BE$5,0)),MOD(H49,20)+7)) -> 13 | X49: =IF(W49<=30, "1", "2") -> 1 | Y49: =IF(W49<=15, "1", IF(W49<=30, "2", IF(W49<=45, "3", IF(W49<=60, "4")))) -> 1 | AA49: осн
A50: 4848 | B50: 2016 | C50: компьютерных технологий и электронного обучения | D50: Гончарова Светлана Викторовна | E50: кандидат педагогических наук | F50: доцент | G50: 1 | H50: 15377 | I50: Модуль "Технологии и методы вычислений". Технологии компьютерного моделирования | L50: 27 | W50: =IFERROR(OFFSET($AC$11,0,MATCH(H50,$AD$4:$BE$4,0)),IFERROR(OFFSET($AC$12,0,MATCH(H50,$AD$5:$BE$5,0)),MOD(H50,20)+7)) -> 13 | X50: =IF(W50<=30, "1", "2") -> 1 | Y50: =IF(W50<=15, "1", IF(W50<=30, "2", IF(W50<=45, "3", IF(W50<=60, "4")))) -> 1 | AA50: осн
A51: 4848 | B51: 2016 | C51: компьютерных технологий и электронного обучения | D51: Государев Илья Борисович | E51: кандидат педагогических наук | F51: доцент | G51: 1 | H51: 15377 | I51: Модуль "Проектирование и разработка веб-решений " | M51: 1 | N51: 1 | W51: =IFERROR(OFFSET($AC$11,0,MATCH(H51,$AD$4:$BE$4,0)),IFERROR(OFFSET($AC$12,0,MATCH(H51,$AD$5:$BE$5,0)),MOD(H51,20)+7)) -> 13 | X51: =IF(W51<=30, "1", "2") -> 1 | Y51: =IF(W51<=15, "1", IF(W51<=30, "2", IF(W51<=45, "3", IF(W51<=60, "4")))) -> 1 | AA51: осн
A52: 4848 | B52: 2016 | C52: компьютерных технологий и электронного обучения | D52: Государев Илья Борисович | E52: кандидат педагогических наук | F52: доцент | G52: 1 | H52: 15377 | I52: Модуль "Проектирование и разработка веб-решений ". Веб-проектирование и веб-дизайн | J52: 17 | K52: 17 | L52: 20 | W52: =IFERROR(OFFSET($AC$11,0,MATCH(H52,$AD$4:$BE$4,0)),IFERROR(OFFSET($AC$12,0,MATCH(H52,$AD$5:$BE$5,0)),MOD(H52,20)+7)) -> 13 | X52: =IF(W52<=30, "1", "2") -> 1 | Y52: =IF(W52<=15, "1", IF(W52<=30, "2", IF(W52<=45, "3", IF(W52<=60, "4")))) -> 1 | AA52: осн
A53: 4848 | B53: 2016 | C53: компьютерных технологий и электронного обучения | D53: Государев Илья Борисович | E53: кандидат педагогических наук | F53: доцент | G53: 1 | H53: 15377 | I53: Модуль "Проектирование и разработка веб-решений ". Компьютерный практикум | L53: 36 | W53: =IFERROR(OFFSET($AC$11,0,MATCH(H53,$AD$4:$BE$4,0)),IFERROR(OFFSET($AC$12,0,MATCH(H53,$AD$5:$BE$5,0)),MOD(H53,20)+7)) -> 13 | X53: =IF(W53<=30, "1", "2") -> 1 | Y53: =IF(W53<=15, "1", IF(W53<=30, "2", IF(W53<=45, "3", IF(W53<=60, "4")))) -> 1 | AA53: осн
A54: 4848 | B54: 2016 | C54: компьютерных технологий и электронного обучения | D54: Государев Илья Борисович | E54: кандидат педагогических наук | F54: доцент | G54: 1 | H54: 15377 | I54: Модуль "Проектирование и разработка веб-решений ". Разработка интерфейсов обогащенных веб-приложений | L54: 36 | W54: =IFERROR(OFFSET($AC$11,0,MATCH(H54,$AD$4:$BE$4,0)),IFERROR(OFFSET($AC$12,0,MATCH(H54,$AD$5:$BE$5,0)),MOD(H54,20)+7)) -> 13 | X54: =IF(W54<=30, "1", "2") -> 1 | Y54: =IF(W54<=15, "1", IF(W54<=30, "2", IF(W54<=45, "3", IF(W54<=60, "4")))) -> 1 | AA54: осн
A55: 4848 | B55: 2016 | C55: компьютерных технологий и электронного обучения | D55: Государев Илья Борисович | E55: кандидат педагогических наук | F55: доцент | G55: 1 | H55: 15377 | I55: Управление программными проектами | J55: 14 | W55: =IFERROR(OFFSET($AC$11,0,MATCH(H55,$AD$4:$BE$4,0)),IFERROR(OFFSET($AC$12,0,MATCH(H55,$AD$5:$BE$5,0)),MOD(H55,20)+7)) -> 13 | X55: =IF(W55<=30, "1", "2") -> 1 | Y55: =IF(W55<=15, "1", IF(W55<=30, "2", IF(W55<=45, "3", IF(W55<=60, "4")))) -> 1
A56: 4848 | B56: 2016 | C56: компьютерных технологий и электронного обучения | D56: Жуков Николай Николаевич | E56: нет | F56: ассистент | G56: 1 | H56: 15377 | I56: Модуль "Технологии и методы вычислений". Вычислительная математика | L56: 34 | W56: =IFERROR(OFFSET($AC$11,0,MATCH(H56,$AD$4:$BE$4,0)),IFERROR(OFFSET($AC$12,0,MATCH(H56,$AD$5:$BE$5,0)),MOD(H56,20)+7)) -> 13 | X56: =IF(W56<=30, "1", "2") -> 1 | Y56: =IF(W56<=15, "1", IF(W56<=30, "2", IF(W56<=45, "3", IF(W56<=60, "4")))) -> 1 | AA56: осн
A57: 4848 | B57: 2016 | C57: компьютерных технологий и электронного обучения | D57: Жуков Николай Николаевич | E57: нет | F57: ассистент | G57: 1 | H57: 15377 | I57: Базы данных | L57: 34 | W57: =IFERROR(OFFSET($AC$11,0,MATCH(H57,$AD$4:$BE$4,0)),IFERROR(OFFSET($AC$12,0,MATCH(H57,$AD$5:$BE$5,0)),MOD(H57,20)+7)) -> 13 | X57: =IF(W57<=30, "1", "2") -> 1 | Y57: =IF(W57<=15, "1", IF(W57<=30, "2", IF(W57<=45, "3", IF(W57<=60, "4")))) -> 1
A58: 4848 | B58: 2016 | C58: компьютерных технологий и электронного обучения | D58: Жуков Николай Николаевич | E58: нет | F58: ассистент | G58: 1 | H58: 15377 | I58: Программирование | L58: 34 | O58: 1 | P58: 1 | W58: =IFERROR(OFFSET($AC$11,0,MATCH(H58,$AD$4:$BE$4,0)),IFERROR(OFFSET($AC$12,0,MATCH(H58,$AD$5:$BE$5,0)),MOD(H58,20)+7)) -> 13 | X58: =IF(W58<=30, "1", "2") -> 1 | Y58: =IF(W58<=15, "1", IF(W58<=30, "2", IF(W58<=45, "3", IF(W58<=60, "4")))) -> 1 | AA58: осн
A59: 4848 | B59: 2016 | C59: компьютерных технологий и электронного обучения | D59: Жуков Николай Николаевич | E59: нет | F59: ассистент | G59: 1 | H59: 15377 | I59: Управление программными проектами | L59: 32 | M59: 1 | N59: 1 | W59: =IFERROR(OFFSET($AC$11,0,MATCH(H59,$AD$4:$BE$4,0)),IFERROR(OFFSET($AC$12,0,MATCH(H59,$AD$5:$BE$5,0)),MOD(H59,20)+7)) -> 13 | X59: =IF(W59<=30, "1", "2") -> 1 | Y59: =IF(W59<=15, "1", IF(W59<=30, "2", IF(W59<=45, "3", IF(W59<=60, "4")))) -> 1 | AA59: осн
A60: 4848 | B60: 2016 | C60: компьютерных технологий и электронного обучения | D60: Жуков Николай Николаевич | E60: нет | F60: ассистент | G60: 1 | H60: 15377 | I60: Модуль "Проектирование и разработка веб-решений ". Веб-проектирование и веб-дизайн | L60: 14 | W60: =IFERROR(OFFSET($AC$11,0,MATCH(H60,$AD$4:$BE$4,0)),IFERROR(OFFSET($AC$12,0,MATCH(H60,$AD$5:$BE$5,0)),MOD(H60,20)+7)) -> 13 | X60: =IF(W60<=30, "1", "2") -> 1 | Y60: =IF(W60<=15, "1", IF(W60<=30, "2", IF(W60<=45, "3", IF(W60<=60, "4")))) -> 1
A61: 4848 | B61: 2016 | C61: компьютерных технологий и электронного обучения | D61: Ильина Татьяна Сергеевна | E61: нет | F61: старший преподаватель | G61: 1 | H61: 15377 | I61: Математика | J61: 54 | K61: 54 | O61: 1 | P61: 1 | W61: =IFERROR(OFFSET($AC$11,0,MATCH(H61,$AD$4:$BE$4,0)),IFERROR(OFFSET($AC$12,0,MATCH(H61,$AD$5:$BE$5,0)),MOD(H61,20)+7)) -> 13 | X61: =IF(W61<=30, "1", "2") -> 1 | Y61: =IF(W61<=15, "1", IF(W61<=30, "2", IF(W61<=45, "3", IF(W61<=60, "4")))) -> 1 | AA61: осн
A62: 4848 | B62: 2017 | C62: компьютерных технологий и электронного обучения | D62: Авксентьева Елена Юрьевна | E62: кандидат педагогических наук | F62: доцент | G62: 1 | H62: 16003 | I62: Инженерная и компьютерная графика | K62: 48 | L62: 9 | M62: 1 | N62: 1 | P62: 1 | W62: =IFERROR(OFFSET($AC$11,0,MATCH(H62,$AD$4:$BE$4,0)),IFERROR(OFFSET($AC$12,0,MATCH(H62,$AD$5:$BE$5,0)),MOD(H62,20)+7)) -> 13 | X62: =IF(W62<=30, "1", "2") -> 1 | Y62: =IF(W62<=15, "1", IF(W62<=30, "2", IF(W62<=45, "3", IF(W62<=60, "4")))) -> 1 | AA62: осн
A63: 4848 | B63: 2017 | C63: компьютерных технологий и электронного обучения | D63: Авксентьева Елена Юрьевна | E63: кандидат педагогических наук | F63: доцент | G63: 1 | H63: 16003 | I63: Программирование | J63: 54 | W63: =IFERROR(OFFSET($AC$11,0,MATCH(H63,$AD$4:$BE$4,0)),IFERROR(OFFSET($AC$12,0,MATCH(H63,$AD$5:$BE$5,0)),MOD(H63,20)+7)) -> 13 | X63: =IF(W63<=30, "1", "2") -> 1 | Y63: =IF(W63<=15, "1", IF(W63<=30, "2", IF(W63<=45, "3", IF(W63<=60, "4")))) -> 1 | AA63: осн
A64: 4848 | B64: 2017 | C64: компьютерных технологий и электронного обучения | D64: Авксентьева Елена Юрьевна | E64: кандидат педагогических наук | F64: доцент | G64: 1 | H64: 16003 | I64: Сети и телекоммуникации | J64: 24 | L64: 48 | M64: 1 | N64: 1 | W64: =IFERROR(OFFSET($AC$11,0,MATCH(H64,$AD$4:$BE$4,0)),IFERROR(OFFSET($AC$12,0,MATCH(H64,$AD$5:$BE$5,0)),MOD(H64,20)+7)) -> 13 | X64: =IF(W64<=30, "1", "2") -> 1 | Y64: =IF(W64<=15, "1", IF(W64<=30, "2", IF(W64<=45, "3", IF(W64<=60, "4")))) -> 1 | AA64: осн
A65: 4848 | B65: 2017 | C65: компьютерных технологий и электронного обучения | D65: Аксютин Павел Александрович | E65: нет | F65: ассистент | G65: 0.5 | H65: 16003 | I65: Модуль "Информационные технологии". Дисциплины и курсы по выбору. Прикладные информационные технологии | K65: 22 | L65: 22 | W65: =IFERROR(OFFSET($AC$11,0,MATCH(H65,$AD$4:$BE$4,0)),IFERROR(OFFSET($AC$12,0,MATCH(H65,$AD$5:$BE$5,0)),MOD(H65,20)+7)) -> 13 | X65: =IF(W65<=30, "1", "2") -> 1 | Y65: =IF(W65<=15, "1", IF(W65<=30, "2", IF(W65<=45, "3", IF(W65<=60, "4")))) -> 1 | AA65: осн
A66: 4848 | B66: 2017 | C66: компьютерных технологий и электронного обучения | D66: Аксютин Павел Александрович | E66: нет | F66: ассистент | G66: 0.5 | H66: 16003 | I66: Модуль "Информационные технологии". Техника и технологии представления и публикации информации | L66: 34 | W66: =IFERROR(OFFSET($AC$11,0,MATCH(H66,$AD$4:$BE$4,0)),IFERROR(OFFSET($AC$12,0,MATCH(H66,$AD$5:$BE$5,0)),MOD(H66,20)+7)) -> 13 | X66: =IF(W66<=30, "1", "2") -> 1 | Y66: =IF(W66<=15, "1", IF(W66<=30, "2", IF(W66<=45, "3", IF(W66<=60, "4")))) -> 1
A67: 4848 | B67: 2017 | C67: компьютерных технологий и электронного обучения | D67: Аксютин Павел Александрович | E67: нет | F67: ассистент | G67: 0.5 | H67: 16003 | I67: Модуль "Информационные технологии". Основы корпоративного электронного обучения | K67: 10 | L67: 20 | W67: =IFERROR(OFFSET($AC$11,0,MATCH(H67,$AD$4:$BE$4,0)),IFERROR(OFFSET($AC$12,0,MATCH(H67,$AD$5:$BE$5,0)),MOD(H67,20)+7)) -> 13 | X67: =IF(W67<=30, "1", "2") -> 1 | Y67: =IF(W67<=15, "1", IF(W67<=30, "2", IF(W67<=45, "3", IF(W67<=60, "4")))) -> 1
A68: 4848 | B68: 2017 | C68: компьютерных технологий и электронного обучения | D68: Аксютин Павел Александрович | E68: нет | F68: ассистент | G68: 0.5 | H68: 16003 | I68: Программирование | L68: 20 | M68: 1 | W68: =IFERROR(OFFSET($AC$11,0,MATCH(H68,$AD$4:$BE$4,0)),IFERROR(OFFSET($AC$12,0,MATCH(H68,$AD$5:$BE$5,0)),MOD(H68,20)+7)) -> 13 | X68: =IF(W68<=30, "1", "2") -> 1 | Y68: =IF(W68<=15, "1", IF(W68<=30, "2", IF(W68<=45, "3", IF(W68<=60, "4")))) -> 1
A69: 4848 | B69: 2017 | C69: компьютерных технологий и электронного обучения | D69: Власова Елена Зотиковна | E69: доктор педагогических наук | F69: заведующий кафедрой | G69: 1 | H69: 16003 | I69: Подготовка к государственной итоговой аттестации | J69: 10 | K69: 8 | P69: 1 | W69: =IFERROR(OFFSET($AC$11,0,MATCH(H69,$AD$4:$BE$4,0)),IFERROR(OFFSET($AC$12,0,MATCH(H69,$AD$5:$BE$5,0)),MOD(H69,20)+7)) -> 13 | X69: =IF(W69<=30, "1", "2") -> 1 | Y69: =IF(W69<=15, "1", IF(W69<=30, "2", IF(W69<=45, "3", IF(W69<=60, "4")))) -> 1 | AA69: осн
A70: 4848 | B70: 2017 | C70: компьютерных технологий и электронного обучения | D70: Гончарова Светлана Викторовна | E70: кандидат педагогических наук | F70: доцент | G70: 1 | H70: 16003 | I70: Модуль "Информационные технологии". Основы корпоративного электронного обучения | J70: 6 | W70: =IFERROR(OFFSET($AC$11,0,MATCH(H70,$AD$4:$BE$4,0)),IFERROR(OFFSET($AC$12,0,MATCH(H70,$AD$5:$BE$5,0)),MOD(H70,20)+7)) -> 13 | X70: =IF(W70<=30, "1", "2") -> 1 | Y70: =IF(W70<=15, "1", IF(W70<=30, "2", IF(W70<=45, "3", IF(W70<=60, "4")))) -> 1 | AA70: осн
A71: 4848 | B71: 2017 | C71: компьютерных технологий и электронного обучения | D71: Карпова Наталья Александровна | E71: кандидат технических наук | F71: доцент | G71: 1 | H71: 16003 | I71: Модуль "Информационные технологии" | M71: 1 | N71: 1 | W71: =IFERROR(OFFSET($AC$11,0,MATCH(H71,$AD$4:$BE$4,0)),IFERROR(OFFSET($AC$12,0,MATCH(H71,$AD$5:$BE$5,0)),MOD(H71,20)+7)) -> 13 | X71: =IF(W71<=30, "1", "2") -> 1 | Y71: =IF(W71<=15, "1", IF(W71<=30, "2", IF(W71<=45, "3", IF(W71<=60, "4")))) -> 1 | AA71: осн
A72: 4848 | B72: 2017 | C72: компьютерных технологий и электронного обучения | D72: Жуков Николай Николаевич | E72: нет | F72: ассистент | G72: 1 | H72: 16003 | I72: Инженерная и компьютерная графика | L72: 54 | W72: =IFERROR(OFFSET($AC$11,0,MATCH(H72,$AD$4:$BE$4,0)),IFERROR(OFFSET($AC$12,0,MATCH(H72,$AD$5:$BE$5,0)),MOD(H72,20)+7)) -> 13 | X72: =IF(W72<=30, "1", "2") -> 1 | Y72: =IF(W72<=15, "1", IF(W72<=30, "2", IF(W72<=45, "3", IF(W72<=60, "4")))) -> 1 | AA72: осн
A73: 4848 | B73: 2017 | C73: компьютерных технологий и электронного обучения | D73: Жуков Николай Николаевич | E73: нет | F73: ассистент | G73: 1 | H73: 16003 | I73: Программирование | L73: 62 | M73: 1 | N73: 1 | P73: 1 | W73: =IFERROR(OFFSET($AC$11,0,MATCH(H73,$AD$4:$BE$4,0)),IFERROR(OFFSET($AC$12,0,MATCH(H73,$AD$5:$BE$5,0)),MOD(H73,20)+7)) -> 13 | X73: =IF(W73<=30, "1", "2") -> 1 | Y73: =IF(W73<=15, "1", IF(W73<=30, "2", IF(W73<=45, "3", IF(W73<=60, "4")))) -> 1 | AA73: осн
A74: 4848 | B74: 2017 | C74: компьютерных технологий и электронного обучения | D74: Жуков Николай Николаевич | E74: нет | F74: ассистент | G74: 1 | H74: 16003 | I74: Учебная практика. Информатика и вычислительная техника. Технологии разработки программного обеспечения | P74: 1 | U74: 26 | W74: =IFERROR(OFFSET($AC$11,0,MATCH(H74,$AD$4:$BE$4,0)),IFERROR(OFFSET($AC$12,0,MATCH(H74,$AD$5:$BE$5,0)),MOD(H74,20)+7)) -> 13 | X74: =IF(W74<=30, "1", "2") -> 1 | Y74: =IF(W74<=15, "1", IF(W74<=30, "2", IF(W74<=45, "3", IF(W74<=60, "4")))) -> 1 | AA74: осн
A75: 4848 | B75: 2017 | C75: компьютерных технологий и электронного обучения | D75: Ильина Татьяна Сергеевна | E75: нет | F75: старший преподаватель | G75: 1 | H75: 16003 | I75: Модуль "Информационные технологии". Техника и технологии представления и публикации информации | J75: 17 | W75: =IFERROR(OFFSET($AC$11,0,MATCH(H75,$AD$4:$BE$4,0)),IFERROR(OFFSET($AC$12,0,MATCH(H75,$AD$5:$BE$5,0)),MOD(H75,20)+7)) -> 13 | X75: =IF(W75<=30, "1", "2") -> 1 | Y75: =IF(W75<=15, "1", IF(W75<=30, "2", IF(W75<=45, "3", IF(W75<=60, "4")))) -> 1 | AA75: осн
A76: 4848 | B76: 2017 | C76: компьютерных технологий и электронного обучения | D76: Ильина Татьяна Сергеевна | E76: нет | F76: старший преподаватель | G76: 1 | H76: 16003 | I76: Модуль "Информационные технологии". Дисциплины и курсы по выбору. Прикладные информационные технологии | J76: 28 | W76: =IFERROR(OFFSET($AC$11,0,MATCH(H76,$AD$4:$BE$4,0)),IFERROR(OFFSET($AC$12,0,MATCH(H76,$AD$5:$BE$5,0)),MOD(H76,20)+7)) -> 13 | X76: =IF(W76<=30, "1", "2") -> 1 | Y76: =IF(W76<=15, "1", IF(W76<=30, "2", IF(W76<=45, "3", IF(W76<=60, "4")))) -> 1
A77: 4848 | B77: 2017 | C77: компьютерных технологий и электронного обучения | D77: Карпова Наталья Александровна | E77: кандидат технических наук | F77: доцент | G77: 1 | H77: 16003 | I77: Модуль "Информационные технологии". Интегрированные издательские системы и технологии | J77: 16 | L77: 20 | W77: =IFERROR(OFFSET($AC$11,0,MATCH(H77,$AD$4:$BE$4,0)),IFERROR(OFFSET($AC$12,0,MATCH(H77,$AD$5:$BE$5,0)),MOD(H77,20)+7)) -> 13 | X77: =IF(W77<=30, "1", "2") -> 1 | Y77: =IF(W77<=15, "1", IF(W77<=30, "2", IF(W77<=45, "3", IF(W77<=60, "4")))) -> 1 | AA77: осн
A78: 4848 | B78: 2017 | C78: компьютерных технологий и электронного обучения | D78: Шалденкова Анна Владимировна | E78: кандидат физ.-мат. наук | F78: ассистент | G78: 1 | H78: 16003 | I78: Учебная практика. Информатика и вычислительная техника. Технологии разработки программного обеспечения | P78: 1 | U78: 26 | W78: =IFERROR(OFFSET($AC$11,0,MATCH(H78,$AD$4:$BE$4,0)),IFERROR(OFFSET($AC$12,0,MATCH(H78,$AD$5:$BE$5,0)),MOD(H78,20)+7)) -> 13 | X78: =IF(W78<=30, "1", "2") -> 1 | Y78: =IF(W78<=15, "1", IF(W78<=30, "2", IF(W78<=45, "3", IF(W78<=60, "4")))) -> 1 | AA78: осн
A79: 4848 | B79: 2018 | C79: компьютерных технологий и электронного обучения | D79: Абрамян Геннадий Владимирович | E79: доктор педагогических наук | F79: профессор | G79: 1 | H79: 17231 | I79: Модуль "Информационные системы". Теория информационных процессов и систем | J79: 8 | K79: 14 | L79: 4 | W79: =IFERROR(OFFSET($AC$11,0,MATCH(H79,$AD$4:$BE$4,0)),IFERROR(OFFSET($AC$12,0,MATCH(H79,$AD$5:$BE$5,0)),MOD(H79,20)+7)) -> 13 | X79: =IF(W79<=30, "1", "2") -> 1 | Y79: =IF(W79<=15, "1", IF(W79<=30, "2", IF(W79<=45, "3", IF(W79<=60, "4")))) -> 1 | AA79: осн
A80: 4848 | B80: 2018 | C80: компьютерных технологий и электронного обучения | D80: Авксентьева Елена Юрьевна | E80: кандидат педагогических наук | F80: доцент | G80: 1 | H80: 17231 | I80: Модуль "Информационные ресурсы и средства профессиональной деятельности инженера". Дисциплины и курсы по выбору. Программная инженерия | J80: 12 | W80: =IFERROR(OFFSET($AC$11,0,MATCH(H80,$AD$4:$BE$4,0)),IFERROR(OFFSET($AC$12,0,MATCH(H80,$AD$5:$BE$5,0)),MOD(H80,20)+7)) -> 13 | X80: =IF(W80<=30, "1", "2") -> 1 | Y80: =IF(W80<=15, "1", IF(W80<=30, "2", IF(W80<=45, "3", IF(W80<=60, "4")))) -> 1 | AA80: осн
A81: 4848 | B81: 2018 | C81: компьютерных технологий и электронного обучения | D81: Авксентьева Елена Юрьевна | E81: кандидат педагогических наук | F81: доцент | G81: 1 | H81: 17231 | I81: Модуль "Информационные ресурсы и средства профессиональной деятельности инженера". Информационные средства и технологии инженерных и научных расчетов | J81: 12 | L81: 22 | W81: =IFERROR(OFFSET($AC$11,0,MATCH(H81,$AD$4:$BE$4,0)),IFERROR(OFFSET($AC$12,0,MATCH(H81,$AD$5:$BE$5,0)),MOD(H81,20)+7)) -> 13 | X81: =IF(W81<=30, "1", "2") -> 1 | Y81: =IF(W81<=15, "1", IF(W81<=30, "2", IF(W81<=45, "3", IF(W81<=60, "4")))) -> 1 | AA81: доп
A82: 4848 | B82: 2018 | C82: компьютерных технологий и электронного обучения | D82: Авксентьева Елена Юрьевна | E82: кандидат педагогических наук | F82: доцент | G82: 1 | H82: 17231 | I82: Модуль "Информационные системы" | M82: 1 | N82: 1 | W82: =IFERROR(OFFSET($AC$11,0,MATCH(H82,$AD$4:$BE$4,0)),IFERROR(OFFSET($AC$12,0,MATCH(H82,$AD$5:$BE$5,0)),MOD(H82,20)+7)) -> 13 | X82: =IF(W82<=30, "1", "2") -> 1 | Y82: =IF(W82<=15, "1", IF(W82<=30, "2", IF(W82<=45, "3", IF(W82<=60, "4")))) -> 1 | AA82: осн
A83: 4848 | B83: 2018 | C83: компьютерных технологий и электронного обучения | D83: Авксентьева Елена Юрьевна | E83: кандидат педагогических наук | F83: доцент | G83: 1 | H83: 17231 | I83: Модуль "Информационные системы". Интеллектуальные системы | J83: 9 | L83: 21 | W83: =IFERROR(OFFSET($AC$11,0,MATCH(H83,$AD$4:$BE$4,0)),IFERROR(OFFSET($AC$12,0,MATCH(H83,$AD$5:$BE$5,0)),MOD(H83,20)+7)) -> 13 | X83: =IF(W83<=30, "1", "2") -> 1 | Y83: =IF(W83<=15, "1", IF(W83<=30, "2", IF(W83<=45, "3", IF(W83<=60, "4")))) -> 1 | AA83: осн
A84: 4848 | B84: 2018 | C84: компьютерных технологий и электронного обучения | D84: Авксентьева Елена Юрьевна | E84: кандидат педагогических наук | F84: доцент | G84: 1 | H84: 17231 | I84: Руководство ВКР | W84: =IFERROR(OFFSET($AC$11,0,MATCH(H84,$AD$4:$BE$4,0)),IFERROR(OFFSET($AC$12,0,MATCH(H84,$AD$5:$BE$5,0)),MOD(H84,20)+7)) -> 13 | X84: =IF(W84<=30, "1", "2") -> 1 | Y84: =IF(W84<=15, "1", IF(W84<=30, "2", IF(W84<=45, "3", IF(W84<=60, "4")))) -> 1 | AA84: осн
A85: 4848 | B85: 2018 | C85: компьютерных технологий и электронного обучения | D85: Авксентьева Елена Юрьевна | E85: кандидат педагогических наук | F85: доцент | G85: 1 | H85: 17231 | I85: Производственная практика (преддипломная). Информатика и вычислительная техника. Технологии разработки программного обеспечения | W85: =IFERROR(OFFSET($AC$11,0,MATCH(H85,$AD$4:$BE$4,0)),IFERROR(OFFSET($AC$12,0,MATCH(H85,$AD$5:$BE$5,0)),MOD(H85,20)+7)) -> 13 | X85: =IF(W85<=30, "1", "2") -> 1 | Y85: =IF(W85<=15, "1", IF(W85<=30, "2", IF(W85<=45, "3", IF(W85<=60, "4")))) -> 1 | AA85: осн
A86: 4848 | B86: 2018 | C86: компьютерных технологий и электронного обучения | D86: Авксентьева Елена Юрьевна | E86: кандидат педагогических наук | F86: доцент | G86: 1 | H86: 17231 | I86: Производственная практика (технологическая). Информатика и вычислительная техника. Технологии разработки программного обеспечения | W86: =IFERROR(OFFSET($AC$11,0,MATCH(H86,$AD$4:$BE$4,0)),IFERROR(OFFSET($AC$12,0,MATCH(H86,$AD$5:$BE$5,0)),MOD(H86,20)+7)) -> 13 | X86: =IF(W86<=30, "1", "2") -> 1 | Y86: =IF(W86<=15, "1", IF(W86<=30, "2", IF(W86<=45, "3", IF(W86<=60, "4")))) -> 1 | AA86: осн
A87: 4848 | B87: 2018 | C87: компьютерных технологий и электронного обучения | D87: Атаян Ануш Михайловна | E87: кандидат педагогических наук | F87: доцент | G87: 1 | H87: 17231 | I87: Дисциплины (модули) по выбору. IT-менеджмент | J87: 4 | P87: 1 | W87: =IFERROR(OFFSET($AC$11,0,MATCH(H87,$AD$4:$BE$4,0)),IFERROR(OFFSET($AC$12,0,MATCH(H87,$AD$5:$BE$5,0)),MOD(H87,20)+7)) -> 13 | X87: =IF(W87<=30, "1", "2") -> 1 | Y87: =IF(W87<=15, "1", IF(W87<=30, "2", IF(W87<=45, "3", IF(W87<=60, "4")))) -> 1 | AA87: осн
A88: 4848 | B88: 2018 | C88: компьютерных технологий и электронного обучения | D88: Серегин Александр Николаевич | E88: кандидат технических наук | F88: внешний | G88: 1 | H88: 17231 | I88: Дисциплины (модули) по выбору. IT-менеджмент | J88: 14 | M88: 1 | W88: =IFERROR(OFFSET($AC$11,0,MATCH(H88,$AD$4:$BE$4,0)),IFERROR(OFFSET($AC$12,0,MATCH(H88,$AD$5:$BE$5,0)),MOD(H88,20)+7)) -> 13 | X88: =IF(W88<=30, "1", "2") -> 1 | Y88: =IF(W88<=15, "1", IF(W88<=30, "2", IF(W88<=45, "3", IF(W88<=60, "4")))) -> 1
A89: 4848 | B89: 2018 | C89: компьютерных технологий и электронного обучения | D89: Серегин Александр Николаевич | E89: кандидат технических наук | F89: внешний | G89: 1 | H89: 17231 | I89: Модуль "Информационные системы". Теория информационных процессов и систем | L89: 10 | M89: 1 | W89: =IFERROR(OFFSET($AC$11,0,MATCH(H89,$AD$4:$BE$4,0)),IFERROR(OFFSET($AC$12,0,MATCH(H89,$AD$5:$BE$5,0)),MOD(H89,20)+7)) -> 13 | X89: =IF(W89<=30, "1", "2") -> 1 | Y89: =IF(W89<=15, "1", IF(W89<=30, "2", IF(W89<=45, "3", IF(W89<=60, "4")))) -> 1
A90: 4848 | B90: 2019 | C90: компьютерных технологий и электронного обучения | D90: Копыльцов Александр Васильевич | E90: доктор технических наук | F90: внешний | G90: 1 | H90: 4 курс 2016 год/пост | I90: Модуль "Информационные системы" | M90: 1 | N90: 1 | W90: =IFERROR(OFFSET($AC$11,0,MATCH(H90,$AD$4:$BE$4,0)),IFERROR(OFFSET($AC$12,0,MATCH(H90,$AD$5:$BE$5,0)),MOD(H90,20)+7)) -> 27 | X90: =IF(W90<=30, "1", "2") -> 1 | Y90: =IF(W90<=15, "1", IF(W90<=30, "2", IF(W90<=45, "3", IF(W90<=60, "4")))) -> 2
A91: 4848 | B91: 2018 | C91: компьютерных технологий и электронного обучения | D91: Серегин Александр Николаевич | E91: кандидат технических наук | F91: внешний | G91: 1 | H91: 17231 | I91: Модуль "Информационные системы". Интеллектуальные системы | L91: 4 | M91: 1 | W91: =IFERROR(OFFSET($AC$11,0,MATCH(H91,$AD$4:$BE$4,0)),IFERROR(OFFSET($AC$12,0,MATCH(H91,$AD$5:$BE$5,0)),MOD(H91,20)+7)) -> 13 | X91: =IF(W91<=30, "1", "2") -> 1 | Y91: =IF(W91<=15, "1", IF(W91<=30, "2", IF(W91<=45, "3", IF(W91<=60, "4")))) -> 1
A92: 4848 | B92: 2018 | C92: компьютерных технологий и электронного обучения | D92: Воробьев Владимир Иванович | E92: доктор технических наук | F92: внешний | G92: 1 | H92: 17231 | I92: Производственная практика (преддипломная). Информатика и вычислительная техника. Технологии разработки программного обеспечения | U92: 14 | W92: =IFERROR(OFFSET($AC$11,0,MATCH(H92,$AD$4:$BE$4,0)),IFERROR(OFFSET($AC$12,0,MATCH(H92,$AD$5:$BE$5,0)),MOD(H92,20)+7)) -> 13 | X92: =IF(W92<=30, "1", "2") -> 1 | Y92: =IF(W92<=15, "1", IF(W92<=30, "2", IF(W92<=45, "3", IF(W92<=60, "4")))) -> 1
A93: 4848 | B93: 2018 | C93: компьютерных технологий и электронного обучения | D93: Воробьев Владимир Иванович | E93: доктор технических наук | F93: внешний | G93: 1 | H93: 17231 | I93: Производственная практика (технологическая). Информатика и вычислительная техника. Технологии разработки программного обеспечения | U93: 10 | W93: =IFERROR(OFFSET($AC$11,0,MATCH(H93,$AD$4:$BE$4,0)),IFERROR(OFFSET($AC$12,0,MATCH(H93,$AD$5:$BE$5,0)),MOD(H93,20)+7)) -> 13 | X93: =IF(W93<=30, "1", "2") -> 1 | Y93: =IF(W93<=15, "1", IF(W93<=30, "2", IF(W93<=45, "3", IF(W93<=60, "4")))) -> 1
A94: 4848 | B94: 2018 | C94: компьютерных технологий и электронного обучения | D94: Воробьев Владимир Иванович | E94: доктор технических наук | F94: внешний | G94: 1 | H94: 17231 | I94: Руководство ВКР | V94: 140 | W94: =IFERROR(OFFSET($AC$11,0,MATCH(H94,$AD$4:$BE$4,0)),IFERROR(OFFSET($AC$12,0,MATCH(H94,$AD$5:$BE$5,0)),MOD(H94,20)+7)) -> 13 | X94: =IF(W94<=30, "1", "2") -> 1 | Y94: =IF(W94<=15, "1", IF(W94<=30, "2", IF(W94<=45, "3", IF(W94<=60, "4")))) -> 1 | AA94: осн
A95: 4848 | B95: 2018 | C95: компьютерных технологий и электронного обучения | D95: Власова Елена Зотиковна | E95: доктор педагогических наук | F95: заведующий кафедрой | G95: 1 | H95: 17231 | I95: Производственная практика (преддипломная). Информатика и вычислительная техника. Технологии разработки программного обеспечения | U95: 2 | W95: =IFERROR(OFFSET($AC$11,0,MATCH(H95,$AD$4:$BE$4,0)),IFERROR(OFFSET($AC$12,0,MATCH(H95,$AD$5:$BE$5,0)),MOD(H95,20)+7)) -> 13 | X95: =IF(W95<=30, "1", "2") -> 1 | Y95: =IF(W95<=15, "1", IF(W95<=30, "2", IF(W95<=45, "3", IF(W95<=60, "4")))) -> 1
A96: 4848 | B96: 2018 | C96: компьютерных технологий и электронного обучения | D96: Власова Елена Зотиковна | E96: доктор педагогических наук | F96: заведующий кафедрой | G96: 1 | H96: 17231 | I96: Участие в ГЭК (защита, экзамен) | R96: 7 | S96: 10 | W96: =IFERROR(OFFSET($AC$11,0,MATCH(H96,$AD$4:$BE$4,0)),IFERROR(OFFSET($AC$12,0,MATCH(H96,$AD$5:$BE$5,0)),MOD(H96,20)+7)) -> 13 | X96: =IF(W96<=30, "1", "2") -> 1 | Y96: =IF(W96<=15, "1", IF(W96<=30, "2", IF(W96<=45, "3", IF(W96<=60, "4")))) -> 1 | AA96: доп
A97: 4848 | B97: 2018 | C97: компьютерных технологий и электронного обучения | D97: Власова Елена Зотиковна | E97: доктор педагогических наук | F97: заведующий кафедрой | G97: 1 | H97: 17231 | I97: Руководство ВКР | V97: 10 | W97: =IFERROR(OFFSET($AC$11,0,MATCH(H97,$AD$4:$BE$4,0)),IFERROR(OFFSET($AC$12,0,MATCH(H97,$AD$5:$BE$5,0)),MOD(H97,20)+7)) -> 13 | X97: =IF(W97<=30, "1", "2") -> 1 | Y97: =IF(W97<=15, "1", IF(W97<=30, "2", IF(W97<=45, "3", IF(W97<=60, "4")))) -> 1
A98: 4848 | B98: 2018 | C98: компьютерных технологий и электронного обучения | D98: Гончарова Светлана Викторовна | E98: кандидат педагогических наук | F98: доцент | G98: 1 | H98: 17231 | I98: Участие в ГЭК (защита, экзамен) | R98: 5 | S98: 8 | W98: =IFERROR(OFFSET($AC$11,0,MATCH(H98,$AD$4:$BE$4,0)),IFERROR(OFFSET($AC$12,0,MATCH(H98,$AD$5:$BE$5,0)),MOD(H98,20)+7)) -> 13 | X98: =IF(W98<=30, "1", "2") -> 1 | Y98: =IF(W98<=15, "1", IF(W98<=30, "2", IF(W98<=45, "3", IF(W98<=60, "4")))) -> 1 | AA98: осн
A99: 4848 | B99: 2018 | C99: компьютерных технологий и электронного обучения | D99: Государев Илья Борисович | E99: кандидат педагогических наук | F99: доцент | G99: 1 | H99: 17231 | I99: Модуль "Информационные ресурсы и средства профессиональной деятельности инженера" | M99: 1 | N99: 1 | W99: =IFERROR(OFFSET($AC$11,0,MATCH(H99,$AD$4:$BE$4,0)),IFERROR(OFFSET($AC$12,0,MATCH(H99,$AD$5:$BE$5,0)),MOD(H99,20)+7)) -> 13 | X99: =IF(W99<=30, "1", "2") -> 1 | Y99: =IF(W99<=15, "1", IF(W99<=30, "2", IF(W99<=45, "3", IF(W99<=60, "4")))) -> 1 | AA99: осн
A100: 4848 | B100: 2018 | C100: компьютерных технологий и электронного обучения | D100: Государев Илья Борисович | E100: кандидат педагогических наук | F100: доцент | G100: 1 | H100: 17231 | I100: Модуль "Информационные ресурсы и средства профессиональной деятельности инженера". Организация электронной образовательной среды | J100: 6 | K100: 6 | L100: 22 | W100: =IFERROR(OFFSET($AC$11,0,MATCH(H100,$AD$4:$BE$4,0)),IFERROR(OFFSET($AC$12,0,MATCH(H100,$AD$5:$BE$5,0)),MOD(H100,20)+7)) -> 13 | X100: =IF(W100<=30, "1", "2") -> 1 | Y100: =IF(W100<=15, "1", IF(W100<=30, "2", IF(W100<=45, "3", IF(W100<=60, "4")))) -> 1 | AA100: осн
...

Sheet Данные, контроль
J1: Лекции | K1: Практ. | L1: Лаб.р. | M1: конс. | N1: экз | O1: диф.зач | P1: зач | Q1: курсов.р | R1: ГЭК (защита) | S1: ГЭК (экзамен) | T1: Контроль | U1: Практики | V1: Рук-во | AB1: Стандарт часов в год | AC1: Бакалавры ИВТ / магистры КЭО | AD1: Учебный год | AE1: Сумма часов | AF1: Объём учебной нагрузки (доля ставки) | AG1: Сумма долей работодателей | AH1: Процент работодателей от общей суммы часов | AJ1: учебный год | AK1: 2015/2016 | AO1: 2016/2017 | AS1: 2017/2018 | AW1: 2018/2019 | BA1: 2019/2020 | BE1: 2020/2021 | BI1: 2021/2022 | BN1: Стандарт часов по должностям | BQ1: Абдуллаева Любовь Магомедовна | BR1: Абрамян Геннадий Владимирович | BS1: Авксентьева Елена Юрьевна | BT1: Акимов Станислав Сергеевич | BU1: Аксютин Павел Александрович | BV1: Атаян Ануш Михайловна | BW1: Байгузева Александра Петровна | BX1: Барченко Сергей Алексеевич | BY1: Бендюкова Татьяна Савельевна | BZ1: Богатова Елена Владимировна | CA1: Бочковская Виктория Леонидовна | CB1: Васильев Сергей Васильевич | CC1: Василькова Ирина Генриховна | CD1: Васютина Ирина Павловна | CE1: Власов Дмитрий Викторович | CF1: Власова Елена Зотиковна | CG1: Воробьев Владимир Иванович | CH1: Гасумянц Виталий Эдуардович | CI1: Гончарко Дмитрий Николаевич | CJ1: Гончарова Светлана Викторовна | CK1: Государев Илья Борисович | CL1: Готская Ирина Борисовна | CM1: Дулин Юрий Николаевич | CN1: Еремина Нелли Владимировна | CO1: Ерошкина Ольга Николаевна | CP1: Есипова Александра Анатольевна | CQ1: Жаркой Александр Борисович | CR1: Жуков Николай Николаевич | CS1: Жукова Татьяна Викторовна | CT1: Земляницин Владимир Александрович | CU1: Зюкин Анатолий Васильевич | CV1: Иванова Екатерина Алексеевна | CW1: Ильина Татьяна Сергеевна | CX1: Карпова Наталья Александровна | CY1: Качоровская Анна Евгеньевна | CZ1: Колдунов Андрей Витальевич | DA1: Кондаков Юрий Евгеньевич | DB1: Копыльцов Александр Васильевич | DC1: Косова Ирина Святославна | DD1: Кравченко Наталия Николаевна | DE1: Кудрявцева Наталья Фаддеевна | DF1: Кужельная Оксана Владимировна | DG1: Кузнецова Надежда Леонидовна | DH1: Лапина Ирина Александровна | DI1: Левина Ирина Николаевна | DJ1: Лужков Александр Альбертович | DK1: Любимов Александр Владимирович | DL1: Маслов Вадим Владимирович | DM1: Матюшичев Илья Юрьевич | DN1: Михайлов Александр Борисович | DO1: Николаева Наталья Викторовна | DP1: Пальтиель Лев Романович | DQ1: Пантелеева Людмила Валентиновна | DR1: Певзнер Игорь Михайлович | DS1: Пентина Анна Юрьевна | DT1: Полякова Наталия Александровна | DU1: Порязь Надежда Вадимовна | DV1: Поспелов Михаил Владимирович | DW1: Пую Юлия Валерьевна | DX1: Разуваев Николай Викторович | DY1: Райкова Вера Алексеевна | DZ1: Рудаков Леонид Ильич | EA1: Серегин Александр Николаевич | EB1: Серегин Павел Павлович | EC1: Силантьев Евгений Евгеньевич | ED1: Смирнов Александр Михайлович | EE1: Тарамжина Людмила Витольдовна | EF1: Тихонова Анастасия Михайловна | EG1: Хахалина Марина Сергеевна | EH1: Хинич Иосиф Исаакович | EI1: Шалденкова Анна Владимировна | EJ1: Шангин Андрей Борисович | EK1: Швецкий Михаил Владимирович | EL1: Швинк Лоренс Ричард
A2: Код УП | B2: Год нагрузки | C2: Кафедра | D2: ФИО | E2: Степень | F2: Должность | G2: Ставка | H2: Код РУП | I2: Дисциплина / практика / ВКР / ГИА | J2: Часы | W2: Студ. | X2: Количество групп | Y2: Количество подгрупп | Z2: Специальность | AA2: Вид нагрузки | AF2: =SUM(AF3:AF862) -> 62.425923 | AJ2: курс | AK2: 1 | AL2: 2 | AM2: 3 | AN2: 4 | AO2: 1 | AP2: 2 | AQ2: 3 | AR2: 4 | AS2: 1 | AT2: 2 | AU2: 3 | AV2: 4 | AW2: 1 | AX2: 2 | AY2: 3 | AZ2: 4 | BA2: 1 | BB2: 2 | BC2: 3 | BD2: 4 | BE2: 1 | BF2: 2 | BG2: 3 | BH2: 4 | BI2: 1 | BJ2: 2 | BK2: 3 | BL2: 4 | BN2: Должность | BO2: Часы | BQ2: 0 | BR2: 0 | BS2: 0 | BT2: 0 | BU2: 0 | BV2: 0 | BW2: 0 | BX2: 0 | BY2: 0 | BZ2: 0 | CA2: 0 | CB2: 0 | CC2: 0 | CD2: 0 | CE2: 0 | CF2: 0 | CG2: 0 | CH2: 0 | CI2: 0 | CJ2: 0 | CK2: 0 | CL2: 0 | CM2: 0 | CN2: 0 | CO2: 0 | CP2: 0 | CQ2: 0 | CR2: 0 | CS2: 0 | CT2: 0 | CU2: 0 | CV2: 0 | CW2: 0 | CX2: 0 | CY2: 0 | CZ2: 0 | DA2: 0 | DB2: 0 | DC2: 0 | DD2: 0 | DE2: 0 | DF2: 0 | DG2: 0 | DH2: 0 | DI2: 0 | DJ2: 0 | DK2: 0 | DL2: 0 | DM2: 0 | DN2: 0 | DO2: 0 | DP2: 0 | DQ2: 0 | DR2: 0 | DS2: 0 | DT2: 0 | DU2: 0 | DV2: 0 | DW2: 0 | DX2: 0 | DY2: 0 | DZ2: 0 | EA2: 0 | EB2: 0 | EC2: 0 | ED2: 0 | EE2: 0 | EF2: 0 | EG2: 0 | EH2: 0 | EI2: 0 | EJ2: 0 | EK2: 0 | EL2: 0
A3: =Данные!A3 -> 3250 | B3: =Данные!B3 -> 2015 | C3: =Данные!C3 -> компьютерных технологий и электронного обучения | D3: =Данные!D3 -> Гончарова Светлана Викторовна | E3: =Данные!E3 -> кандидат педагогических наук | F3: =Данные!F3 -> доцент | G3: =Данные!G3 -> 1 | H3: =Данные!H3 -> 13809 | ... L3: =Данные!L3 -> 102 | M3: =SUM(J3:L3)/10 -> 13.6 | N3: =2+(0.33*W3) -> 7.28 | O3: =0.25*W3 -> 4 | P3: =0.25*W3 -> 4 | Q3: =Данные!Q3 -> 0 | R3: =Данные!R3 -> 0 | S3: =Данные!S3 -> 0 | T3: =Данные!T3 -> 12 | U3: =Данные!U3 -> 0 | V3: =Данные!V3 -> 0 | W3: =Данные!W3 -> 16 | X3: =Данные!X3 -> 1 | ... AA3: =Данные!AA3 -> осн | AB3: =VLOOKUP(F3, $BN$3:$BO$15, 2, 0) -> 800 | AC3: =IF(IFERROR(MATCH(H3, $AK$4:$BL$4, 0), 0)>=1, "ИВТ (бак)", IF(IFERROR(MATCH(H3, $AK$5:$BL$5, 0), 0)>=1, "КЭО (маг)", "")) | AD3: =IF(IFERROR(MATCH(H3, $AK$4:$AN$4, 0), 0)=1, "2015–2016", IF(IFERROR(MATCH(H3, $AO$4:$AR$4, 0), 0)=1, "2016–2017", IF(IFERROR(MATCH(H3, $AS$4:$AV$4, 0), 0)=1, "2017–2018", IF(IFERROR(MATCH(H3, $AW$4:$AZ$4, 0), 0)=1, "2018–2019", IF(IFERROR(MATCH(H3, $BA$4:$BD$4, 0), 0)=1, "2019–2020", IF(IFERROR(MATCH(H3, $BE$4:$BH$4, 0), 0)=1, "2020–2021", IF(IFERROR(MATCH(H3, $BI$4:$BL$4, 0), 0)=1, "2021–2022", ""))))))) | AE3: =SUM(J3:V3) -> 176.88 | AF3: =AE3/AB3 -> 0.2211 | AJ3: год поступления | AK3: 2015 | AL3: 2014 | AM3: 2013 | AN3: 2012 | AO3: 2016 | AP3: 2015 | AQ3: 2014 | AR3: 2013 | AS3: 2017 | AT3: 2016 | AU3: 2015 | AV3: 2014 | AW3: 2018 | AX3: 2017 | AY3: 2016 | AZ3: 2015 | BA3: 2019 | BB3: 2018 | BC3: 2017 | BD3: 2016 | BE3: 2020 | BF3: 2019 | BG3: 2018 | BH3: 2017 | BI3: 2021 | BJ3: 2020 | BK3: 2019 | BL3: 2018 | BN3: =Данные!BG3 -> заведующий кафедрой | BO3: =Данные!BH3 -> 700 | BQ3: 0 | BR3: 0 | BS3: 0 | BT3: 0 | BU3: 0 | BV3: 0 | BW3: 0 | BX3: 0 | BY3: 0 | BZ3: 0 | CA3: 0 | CB3: 0 | CC3: 0 | CD3: 0 | CE3: 0 | CF3: 0 | CG3: 0 | CH3: 0 | CI3: 0 | CJ3: 0 | CK3: 0 | CL3: 0 | CM3: 0 | CN3: 0 | CO3: 0 | CP3: 0 | CQ3: 0 | CR3: 0 | CS3: 0 | CT3: 0 | CU3: 0 | CV3: 0 | CW3: 0 | CX3: 0 | CY3: 0 | CZ3: 0 | DA3: 0 | DB3: 0 | DC3: 0 | DD3: 0 | DE3: 0 | DF3: 0 | DG3: 0 | DH3: 0 | DI3: 0 | DJ3: 0 | DK3: 0 | DL3: 0 | DM3: 0 | DN3: 0 | DO3: 0 | DP3: 0 | DQ3: 0 | DR3: 0 | DS3: 0 | DT3: 0 | DU3: 0 | DV3: 0 | DW3: 0 | DX3: 0 | DY3: 0 | DZ3: 0 | EA3: 0 | EB3: 0 | EC3: 0 | ED3: 0 | EE3: 0 | EF3: 0 | EG3: 0 | EH3: 0 | EI3: 0 | EJ3: 0 | EK3: 0 | EL3: 0
A4: =Данные!A4 -> 4276 | B4: =Данные!B4 -> 2015 | C4: =Данные!C4 -> компьютерных технологий и электронного обучения | D4: =Данные!D4 -> Абрамян Геннадий Владимирович | E4: =Данные!E4 -> доктор педагогических наук | F4: =Данные!F4 -> профессор | G4: =Данные!G4 -> 1 | H4: =Данные!H4 -> 13818 | ... L4: =Данные!L4 -> 54 | M4: =SUM(J4:L4)/10 -> 7.2 | N4: =2+(0.33*W4) -> 10.25 | O4: =0.25*W4 -> 6.25 | P4: =0.25*W4 -> 6.25 | Q4: =Данные!Q4 -> 0 | R4: =Данные!R4 -> 0 | S4: =Данные!S4 -> 0 | T4: =Данные!T4 -> 21 | U4: =Данные!U4 -> 0 | V4: =Данные!V4 -> 0 | W4: =Данные!W4 -> 25 | X4: =Данные!X4 -> 1 | ... AA4: =Данные!AA4 -> осн | AB4: =VLOOKUP(F4, $BN$3:$BO$15, 2, 0) -> 750 | AC4: =IF(IFERROR(MATCH(H4, $AK$4:$BL$4, 0), 0)>=1, "ИВТ (бак)", IF(IFERROR(MATCH(H4, $AK$5:$BL$5, 0), 0)>=1, "КЭО (маг)", "")) | AD4: =IF(IFERROR(MATCH(H4, $AK$4:$AN$4, 0), 0)=1, "2015–2016", IF(IFERROR(MATCH(H4, $AO$4:$AR$4, 0), 0)=1, "2016–2017", IF(IFERROR(MATCH(H4, $AS$4:$AV$4, 0), 0)=1, "2017–2018", IF(IFERROR(MATCH(H4, $AW$4:$AZ$4, 0), 0)=1, "2018–2019", IF(IFERROR(MATCH(H4, $BA$4:$BD$4, 0), 0)=1, "2019–2020", IF(IFERROR(MATCH(H4, $BE$4:$BH$4, 0), 0)=1, "2020–2021", IF(IFERROR(MATCH(H4, $BI$4:$BL$4, 0), 0)=1, "2021–2022", ""))))))) | AE4: =SUM(J4:V4) -> 122.95 | AF4: =AE4/AB4 -> 0.16393333 | AJ4: Бакалавры (ИВТ) | AK4: =Данные!AD4 -> 14014 | AL4: =Данные!AE4 -> 24098 | AM4: =Данные!AF4 -> 11090 | AN4: =Данные!AG4 -> 12090 | AO4: =Данные!AH4 -> 15177 | AP4: =Данные!AI4 -> 15377 | AQ4: =Данные!AJ4 -> 25432 | AR4: =Данные!AK4 -> 23456 | ... BL4: =Данные!BE4 -> 4 курс 2018 год/пост | BN4: =Данные!BG4 -> профессор | BO4: =Данные!BH4 -> 750 | BQ4: 0 | BR4: 0 | BS4: 0 | BT4: 0 | BU4: 0 | BV4: 0 | BW4: 0 | BX4: 0 | BY4: 0 | BZ4: 0 | CA4: 0 | CB4: 0 | CC4: 0 | CD4: 0 | CE4: 0 | CF4: 0 | CG4: 0 | CH4: 0 | CI4: 0 | CJ4: 0 | CK4: 0 | CL4: 0 | CM4: 0 | CN4: 0 | CO4: 0 | CP4: 0 | CQ4: 0 | CR4: 0 | CS4: 0 | CT4: 0 | CU4: 0 | CV4: 0 | CW4: 0 | CX4: 0 | CY4: 0 | CZ4: 0 | DA4: 0 | DB4: 0 | DC4: 0 | DD4: 0 | DE4: 0 | DF4: 0 | DG4: 0 | DH4: 0 | DI4: 0 | DJ4: 0 | DK4: 0 | DL4: 0 | DM4: 0 | DN4: 0 | DO4: 0 | DP4: 0 | DQ4: 0 | DR4: 0 | DS4: 0 | DT4: 0 | DU4: 0 | DV4: 0 | DW4: 0 | DX4: 0 | DY4: 0 | DZ4: 0 | EA4: 0 | EB4: 0 | EC4: 0 | ED4: 0 | EE4: 0 | EF4: 0 | EG4: 0 | EH4: 0 | EI4: 0 | EJ4: 0 | EK4: 0 | EL4: 0
A5: =Данные!A5 -> 4276 | B5: =Данные!B5 -> 2015 | C5: =Данные!C5 -> компьютерных технологий и электронного обучения | D5: =Данные!D5 -> Авксентьева Елена Юрьевна | E5: =Данные!E5 -> кандидат педагогических наук | F5: =Данные!F5 -> доцент | G5: =Данные!G5 -> 1 | H5: =Данные!H5 -> 13818 | ... L5: =Данные!L5 -> 0 | M5: =SUM(J5:L5)/10 -> 0 | N5: =2+(0.33*W5) -> 10.25 | O5: =0.25*W5 -> 6.25 | P5: =0.25*W5 -> 6.25 | Q5: =Данные!Q5 -> 0 | R5: =Данные!R5 -> 0 | S5: =Данные!S5 -> 0 | T5: =Данные!T5 -> 15 | U5: =Данные!U5 -> 0 | V5: =Данные!V5 -> 0 | W5: =Данные!W5 -> 25 | X5: =Данные!X5 -> 1 | ... AA5: =Данные!AA5 -> осн | AB5: =VLOOKUP(F5, $BN$3:$BO$15, 2, 0) -> 800 | AC5: =IF(IFERROR(MATCH(H5, $AK$4:$BL$4, 0), 0)>=1, "ИВТ (бак)", IF(IFERROR(MATCH(H5, $AK$5:$BL$5, 0), 0)>=1, "КЭО (маг)", "")) | AD5: =IF(IFERROR(MATCH(H5, $AK$4:$AN$4, 0), 0)=1, "2015–2016", IF(IFERROR(MATCH(H5, $AO$4:$AR$4, 0), 0)=1, "2016–2017", IF(IFERROR(MATCH(H5, $AS$4:$AV$4, 0), 0)=1, "2017–2018", IF(IFERROR(MATCH(H5, $AW$4:$AZ$4, 0), 0)=1, "2018–2019", IF(IFERROR(MATCH(H5, $BA$4:$BD$4, 0), 0)=1, "2019–2020", IF(IFERROR(MATCH(H5, $BE$4:$BH$4, 0), 0)=1, "2020–2021", IF(IFERROR(MATCH(H5, $BI$4:$BL$4, 0), 0)=1, "2021–2022", ""))))))) | AE5: =SUM(J5:V5) -> 37.75 | AF5: =AE5/AB5 -> 0.0471875 | AJ5: Магистры (КЭО) | AK5: =Данные!AD5 -> 14020 | AL5: =Данные!AE5 -> 34567 | AO5: =Данные!AH5 -> 34789 | AP5: =Данные!AI5 -> 12987 | AS5: =Данные!AL5 -> 16595 | AT5: =Данные!AM5 -> 15764 | AW5: =Данные!AP5 -> 17048 | AX5: =Данные!AQ5 -> 17248 | BA5: =Данные!AT5 -> 18945 | BB5: =Данные!AU5 -> 2 курс (м) 2018 год/пост | BE5: =Данные!AX5 -> 23900 | BF5: =Данные!AY5 -> 15999 | BI5: =Данные!BB5 -> 12000 | BJ5: =Данные!BC5 -> 24000 | BN5: =Данные!BG5 -> доцент | BO5: =Данные!BH5 -> 800 | BQ5: 0 | BR5: 0 | BS5: 0 | BT5: 0 | BU5: 0 | BV5: 0 | BW5: 0 | BX5: 0 | BY5: 0 | BZ5: 0 | CA5: 0 | CB5: 0 | CC5: 0 | CD5: 0 | CE5: 0 | CF5: 0 | CG5: 0 | CH5: 0 | CI5: 0 | CJ5: 0 | CK5: 0 | CL5: 0 | CM5: 0 | CN5: 0 | CO5: 0 | CP5: 0 | CQ5: 0 | CR5: 0 | CS5: 0 | CT5: 0 | CU5: 0 | CV5: 0 | CW5: 0 | CX5: 0 | CY5: 0 | CZ5: 0 | DA5: 0 | DB5: 0 | DC5: 0 | DD5: 0 | DE5: 0 | DF5: 0 | DG5: 0 | DH5: 0 | DI5: 0 | DJ5: 0 | DK5: 0 | DL5: 0 | DM5: 0 | DN5: 0 | DO5: 0 | DP5: 0 | DQ5: 0 | DR5: 0 | DS5: 0 | DT5: 0 | DU5: 0 | DV5: 0 | DW5: 0 | DX5: 0 | DY5: 0 | DZ5: 0 | EA5: 0 | EB5: 0 | EC5: 0 | ED5: 0 | EE5: 0 | EF5: 0 | EG5: 0 | EH5: 0 | EI5: 0 | EJ5: 0 | EK5: 0 | EL5: 0
A6: =Данные!A6 -> 4276 | B6: =Данные!B6 -> 2015 | C6: =Данные!C6 -> компьютерных технологий и электронного обучения | D6: =Данные!D6 -> Гончарова Светлана Викторовна | E6: =Данные!E6 -> кандидат педагогических наук | F6: =Данные!F6 -> доцент | G6: =Данные!G6 -> 1 | H6: =Данные!H6 -> 13818 | ... L6: =Данные!L6 -> 0 | M6: =SUM(J6:L6)/10 -> 4.1 | N6: =2+(0.33*W6) -> 10.25 | O6: =0.25*W6 -> 6.25 | P6: =0.25*W6 -> 6.25 | Q6: =Данные!Q6 -> 0 | R6: =Данные!R6 -> 0 | S6: =Данные!S6 -> 0 | T6: =Данные!T6 -> 3 | U6: =Данные!U6 -> 0 | V6: =Данные!V6 -> 0 | W6: =Данные!W6 -> 25 | X6: =Данные!X6 -> 1 | ... AA6: =Данные!AA6 -> осн | AB6: =VLOOKUP(F6, $BN$3:$BO$15, 2, 0) -> 800 | AC6: =IF(IFERROR(MATCH(H6, $AK$4:$BL$4, 0), 0)>=1, "ИВТ (бак)", IF(IFERROR(MATCH(H6, $AK$5:$BL$5, 0), 0)>=1, "КЭО (маг)", "")) | AD6: =IF(IFERROR(MATCH(H6, $AK$4:$AN$4, 0), 0)=1, "2015–2016", IF(IFERROR(MATCH(H6, $AO$4:$AR$4, 0), 0)=1, "2016–2017", IF(IFERROR(MATCH(H6, $AS$4:$AV$4, 0), 0)=1, "2017–2018", IF(IFERROR(MATCH(H6, $AW$4:$AZ$4, 0), 0)=1, "2018–2019", IF(IFERROR(MATCH(H6, $BA$4:$BD$4, 0), 0)=1, "2019–2020", IF(IFERROR(MATCH(H6, $BE$4:$BH$4, 0), 0)=1, "2020–2021", IF(IFERROR(MATCH(H6, $BI$4:$BL$4, 0), 0)=1, "2021–2022", ""))))))) | AE6: =SUM(J6:V6) -> 70.85 | AF6: =AE6/AB6 -> 0.0885625 | BN6: =Данные!BG6 -> старший преподаватель | BO6: =Данные!BH6 -> 850 | BQ6: 0 | BR6: 0 | BS6: 0 | BT6: 0 | BU6: 0 | BV6: 0 | BW6: 0 | BX6: 0 | BY6: 0 | BZ6: 0 | CA6: 0 | CB6: 0 | CC6: 0 | CD6: 0 | CE6: 0 | CF6: 0 | CG6: 0 | CH6: 0 | CI6: 0 | CJ6: 0 | CK6: 0 | CL6: 0 | CM6: 0 | CN6: 0 | CO6: 0 | CP6: 0 | CQ6: 0 | CR6: 0 | CS6: 0 | CT6: 0 | CU6: 0 | CV6: 0 | CW6: 0 | CX6: 0 | CY6: 0 | CZ6: 0 | DA6: 0 | DB6: 0 | DC6: 0 | DD6: 0 | DE6: 0 | DF6: 0 | DG6: 0 | DH6: 0 | DI6: 0 | DJ6: 0 | DK6: 0 | DL6: 0 | DM6: 0 | DN6: 0 | DO6: 0 | DP6: 0 | DQ6: 0 | DR6: 0 | DS6: 0 | DT6: 0 | DU6: 0 | DV6: 0 | DW6: 0 | DX6: 0 | DY6: 0 | DZ6: 0 | EA6: 0 | EB6: 0 | EC6: 0 | ED6: 0 | EE6: 0 | EF6: 0 | EG6: 0 | EH6: 0 | EI6: 0 | EJ6: 0 | EK6: 0 | EL6: 0
A7: =Данные!A7 -> 4276 | B7: =Данные!B7 -> 2015 | C7: =Данные!C7 -> компьютерных технологий и электронного обучения | D7: =Данные!D7 -> Ильина Татьяна Сергеевна | E7: =Данные!E7 -> нет | F7: =Данные!F7 -> старший преподаватель | G7: =Данные!G7 -> 1 | H7: =Данные!H7 -> 13818 | ... L7: =Данные!L7 -> 0 | M7: =SUM(J7:L7)/10 -> 6.4 | N7: =2+(0.33*W7) -> 10.25 | O7: =0.25*W7 -> 6.25 | P7: =0.25*W7 -> 6.25 | Q7: =Данные!Q7 -> 0 | R7: =Данные!R7 -> 0 | S7: =Данные!S7 -> 0 | T7: =Данные!T7 -> 3 | U7: =Данные!U7 -> 0 | V7: =Данные!V7 -> 0 | W7: =Данные!W7 -> 25 | X7: =Данные!X7 -> 1 | ... AA7: =Данные!AA7 -> осн | AB7: =VLOOKUP(F7, $BN$3:$BO$15, 2, 0) -> 850 | AC7: =IF(IFERROR(MATCH(H7, $AK$4:$BL$4, 0), 0)>=1, "ИВТ (бак)", IF(IFERROR(MATCH(H7, $AK$5:$BL$5, 0), 0)>=1, "КЭО (маг)", "")) | AD7: =IF(IFERROR(MATCH(H7, $AK$4:$AN$4, 0), 0)=1, "2015–2016", IF(IFERROR(MATCH(H7, $AO$4:$AR$4, 0), 0)=1, "2016–2017", IF(IFERROR(MATCH(H7, $AS$4:$AV$4, 0), 0)=1, "2017–2018", IF(IFERROR(MATCH(H7, $AW$4:$AZ$4, 0), 0)=1, "2018–2019", IF(IFERROR(MATCH(H7, $BA$4:$BD$4, 0), 0)=1, "2019–2020", IF(IFERROR(MATCH(H7, $BE$4:$BH$4, 0), 0)=1, "2020–2021", IF(IFERROR(MATCH(H7, $BI$4:$BL$4, 0), 0)=1, "2021–2022", ""))))))) | AE7: =SUM(J7:V7) -> 96.15 | AF7: =AE7/AB7 -> 0.11311765 | BN7: =Данные!BG7 -> ассистент | BO7: =Данные!BH7 -> 900 | BQ7: 0 | BR7: 0 | BS7: 0 | BT7: 0 | BU7: 0 | BV7: 0 | BW7: 0 | BX7: 0 | BY7: 0 | BZ7: 0 | CA7: 0 | CB7: 0 | CC7: 0 | CD7: 0 | CE7: 0 | CF7: 0 | CG7: 0 | CH7: 0 | CI7: 0 | CJ7: 0 | CK7: 0 | CL7: 0 | CM7: 0 | CN7: 0 | CO7: 0 | CP7: 0 | CQ7: 0 | CR7: 0 | CS7: 0 | CT7: 0 | CU7: 0 | CV7: 0 | CW7: 0 | CX7: 0 | CY7: 0 | CZ7: 0 | DA7: 0 | DB7: 0 | DC7: 0 | DD7: 0 | DE7: 0 | DF7: 0 | DG7: 0 | DH7: 0 | DI7: 0 | DJ7: 0 | DK7: 0 | DL7: 0 | DM7: 0 | DN7: 0 | DO7: 0 | DP7: 0 | DQ7: 0 | DR7: 0 | DS7: 0 | DT7: 0 | DU7: 0 | DV7: 0 | DW7: 0 | DX7: 0 | DY7: 0 | DZ7: 0 | EA7: 0 | EB7: 0 | EC7: 0 | ED7: 0 | EE7: 0 | EF7: 0 | EG7: 0 | EH7: 0 | EI7: 0 | EJ7: 0 | EK7: 0 | EL7: 0
A8: =Данные!A8 -> 4276 | B8: =Данные!B8 -> 2016 | C8: =Данные!C8 -> компьютерных технологий и электронного обучения | D8: =Данные!D8 -> Готская Ирина Борисовна | E8: =Данные!E8 -> доктор педагогических наук | F8: =Данные!F8 -> профессор | G8: =Данные!G8 -> 1 | H8: =Данные!H8 -> 14784 | ... L8: =Данные!L8 -> 120 | M8: =SUM(J8:L8)/10 -> 15.2 | N8: =2+(0.33*W8) -> 5.63 | O8: =0.25*W8 -> 2.75 | P8: =0.25*W8 -> 2.75 | Q8: =Данные!Q8 -> 0 | R8: =Данные!R8 -> 0 | S8: =Данные!S8 -> 0 | T8: =Данные!T8 -> 21 | U8: =Данные!U8 -> 0 | V8: =Данные!V8 -> 0 | W8: =Данные!W8 -> 11 | X8: =Данные!X8 -> 1 | ... AA8: =Данные!AA8 -> осн | AB8: =VLOOKUP(F8, $BN$3:$BO$15, 2, 0) -> 750 | AC8: =IF(IFERROR(MATCH(H8, $AK$4:$BL$4, 0), 0)>=1, "ИВТ (бак)", IF(IFERROR(MATCH(H8, $AK$5:$BL$5, 0), 0)>=1, "КЭО (маг)", "")) | AD8: =IF(IFERROR(MATCH(H8, $AK$4:$AN$4, 0), 0)=1, "2015–2016", IF(IFERROR(MATCH(H8, $AO$4:$AR$4, 0), 0)=1, "2016–2017", IF(IFERROR(MATCH(H8, $AS$4:$AV$4, 0), 0)=1, "2017–2018", IF(IFERROR(MATCH(H8, $AW$4:$AZ$4, 0), 0)=1, "2018–2019", IF(IFERROR(MATCH(H8, $BA$4:$BD$4, 0), 0)=1, "2019–2020", IF(IFERROR(MATCH(H8, $BE$4:$BH$4, 0), 0)=1, "2020–2021", IF(IFERROR(MATCH(H8, $BI$4:$BL$4, 0), 0)=1, "2021–2022", ""))))))) | AE8: =SUM(J8:V8) -> 199.33 | AF8: =AE8/AB8 -> 0.26577333 | AJ8: учебный год | AK8: 2015/2016 | AO8: 2016/2017 | AS8: 2017/2018 | AW8: 2018/2019 | BA8: 2019/2020 | BE8: 2020/2021 | BI8: 2021/2022 | BN8: =Данные!BG8 -> эксперт-программист | BO8: =Данные!BH8 -> 900 | BQ8: 0 | BR8: 0 | BS8: 0 | BT8: 0 | BU8: 0 | BV8: 0 | BW8: 0 | BX8: 0 | BY8: 0 | BZ8: 0 | CA8: 0 | CB8: 0 | CC8: 0 | CD8: 0 | CE8: 0 | CF8: 0 | CG8: 0 | CH8: 0 | CI8: 0 | CJ8: 0 | CK8: 0 | CL8: 0 | CM8: 0 | CN8: 0 | CO8: 0 | CP8: 0 | CQ8: 0 | CR8: 0 | CS8: 0 | CT8: 0 | CU8: 0 | CV8: 0 | CW8: 0 | CX8: 0 | CY8: 0 | CZ8: 0 | DA8: 0 | DB8: 0 | DC8: 0 | DD8: 0 | DE8: 0 | DF8: 0 | DG8: 0 | DH8: 0 | DI8: 0 | DJ8: 0 | DK8: 0 | DL8: 0 | DM8: 0 | DN8: 0 | DO8: 0 | DP8: 0 | DQ8: 0 | DR8: 0 | DS8: 0 | DT8: 0 | DU8: 0 | DV8: 0 | DW8: 0 | DX8: 0 | DY8: 0 | DZ8: 0 | EA8: 0 | EB8: 0 | EC8: 0 | ED8: 0 | EE8: 0 | EF8: 0 | EG8: 0 | EH8: 0 | EI8: 0 | EJ8: 0 | EK8: 0 | EL8: 0
A9: =Данные!A9 -> 4276 | B9: =Данные!B9 -> 2017 | C9: =Данные!C9 -> компьютерных технологий и электронного обучения | D9: =Данные!D9 -> Готская Ирина Борисовна | E9: =Данные!E9 -> доктор педагогических наук | F9: =Данные!F9 -> профессор | G9: =Данные!G9 -> 1 | H9: =Данные!H9 -> 16006 | ... L9: =Данные!L9 -> 60 | M9: =SUM(J9:L9)/10 -> 7.6 | N9: =2+(0.33*W9) -> 6.29 | O9: =0.25*W9 -> 3.25 | P9: =0.25*W9 -> 3.25 | Q9: =Данные!Q9 -> 0 | R9: =Данные!R9 -> 0 | S9: =Данные!S9 -> 0 | T9: =Данные!T9 -> 11 | U9: =Данные!U9 -> 0 | V9: =Данные!V9 -> 0 | W9: =Данные!W9 -> 13 | X9: =Данные!X9 -> 1 | ... AA9: =Данные!AA9 -> осн | AB9: =VLOOKUP(F9, $BN$3:$BO$15, 2, 0) -> 750 | AC9: =IF(IFERROR(MATCH(H9, $AK$4:$BL$4, 0), 0)>=1, "ИВТ (бак)", IF(IFERROR(MATCH(H9, $AK$5:$BL$5, 0), 0)>=1, "КЭО (маг)", "")) | AD9: =IF(IFERROR(MATCH(H9, $AK$4:$AN$4, 0), 0)=1, "2015–2016", IF(IFERROR(MATCH(H9, $AO$4:$AR$4, 0), 0)=1, "2016–2017", IF(IFERROR(MATCH(H9, $AS$4:$AV$4, 0), 0)=1, "2017–2018", IF(IFERROR(MATCH(H9, $AW$4:$AZ$4, 0), 0)=1, "2018–2019", IF(IFERROR(MATCH(H9, $BA$4:$BD$4, 0), 0)=1, "2019–2020", IF(IFERROR(MATCH(H9, $BE$4:$BH$4, 0), 0)=1, "2020–2021", IF(IFERROR(MATCH(H9, $BI$4:$BL$4, 0), 0)=1, "2021–2022", ""))))))) | AE9: =SUM(J9:V9) -> 107.39 | AF9: =AE9/AB9 -> 0.14318667 | AJ9: курс | AK9: 1 | AL9: 2 | AM9: 3 | AN9: 4 | AO9: 1 | AP9: 2 | AQ9: 3 | AR9: 4 | AS9: 1 | AT9: 2 | AU9: 3 | AV9: 4 | AW9: 1 | AX9: 2 | AY9: 3 | AZ9: 4 | BA9: 1 | BB9: 2 | BC9: 3 | BD9: 4 | BE9: 1 | BF9: 2 | BG9: 3 | BH9: 4 | BI9: 1 | BJ9: 2 | BK9: 3 | BL9: 4 | BN9: =Данные!BG9 -> и.о.доцент | BO9: =Данные!BH9 -> 900 | BQ9: 0 | BR9: 0 | BS9: 0 | BT9: 0 | BU9: 0 | BV9: 0 | BW9: 0 | BX9: 0 | BY9: 0 | BZ9: 0 | CA9: 0 | CB9: 0 | CC9: 0 | CD9: 0 | CE9: 0 | CF9: 0 | CG9: 0 | CH9: 0 | CI9: 0 | CJ9: 0 | CK9: 0 | CL9: 0 | CM9: 0 | CN9: 0 | CO9: 0 | CP9: 0 | CQ9: 0 | CR9: 0 | CS9: 0 | CT9: 0 | CU9: 0 | CV9: 0 | CW9: 0 | CX9: 0 | CY9: 0 | CZ9: 0 | DA9: 0 | DB9: 0 | DC9: 0 | DD9: 0 | DE9: 0 | DF9: 0 | DG9: 0 | DH9: 0 | DI9: 0 | DJ9: 0 | DK9: 0 | DL9: 0 | DM9: 0 | DN9: 0 | DO9: 0 | DP9: 0 | DQ9: 0 | DR9: 0 | DS9: 0 | DT9: 0 | DU9: 0 | DV9: 0 | DW9: 0 | DX9: 0 | DY9: 0 | DZ9: 0 | EA9: 0 | EB9: 0 | EC9: 0 | ED9: 0 | EE9: 0 | EF9: 0 | EG9: 0 | EH9: 0 | EI9: 0 | EJ9: 0 | EK9: 0 | EL9: 0
A10: =Данные!A10 -> 4277 | B10: =Данные!B10 -> 2017 | C10: =Данные!C10 -> компьютерных технологий и электронного обучения | D10: =Данные!D10 -> Абрамян Геннадий Владимирович | E10: =Данные!E10 -> доктор педагогических наук | F10: =Данные!F10 -> профессор | G10: =Данные!G10 -> 1 | H10: =Данные!H10 -> 16005 | ... L10: =Данные!L10 -> 54 | M10: =SUM(J10:L10)/10 -> 7.2 | N10: =2+(0.33*W10) -> 5.96 | O10: =0.25*W10 -> 3 | P10: =0.25*W10 -> 3 | Q10: =Данные!Q10 -> 0 | R10: =Данные!R10 -> 0 | S10: =Данные!S10 -> 0 | T10: =Данные!T10 -> 11 | U10: =Данные!U10 -> 0 | V10: =Данные!V10 -> 0 | W10: =Данные!W10 -> 12 | X10: =Данные!X10 -> 1 | ... AA10: =Данные!AA10 -> осн | AB10: =VLOOKUP(F10, $BN$3:$BO$15, 2, 0) -> 750 | AC10: =IF(IFERROR(MATCH(H10, $AK$4:$BL$4, 0), 0)>=1, "ИВТ (бак)", IF(IFERROR(MATCH(H10, $AK$5:$BL$5, 0), 0)>=1, "КЭО (маг)", "")) | AD10: =IF(IFERROR(MATCH(H10, $AK$4:$AN$4, 0), 0)=1, "2015–2016", IF(IFERROR(MATCH(H10, $AO$4:$AR$4, 0), 0)=1, "2016–2017", IF(IFERROR(MATCH(H10, $AS$4:$AV$4, 0), 0)=1, "2017–2018", IF(IFERROR(MATCH(H10, $AW$4:$AZ$4, 0), 0)=1, "2018–2019", IF(IFERROR(MATCH(H10, $BA$4:$BD$4, 0), 0)=1, "2019–2020", IF(IFERROR(MATCH(H10, $BE$4:$BH$4, 0), 0)=1, "2020–2021", IF(IFERROR(MATCH(H10, $BI$4:$BL$4, 0), 0)=1, "2021–2022", ""))))))) | AE10: =SUM(J10:V10) -> 102.16 | AF10: =AE10/AB10 -> 0.13621333 | AJ10: год поступления | AK10: 2015 | AL10: 2014 | AM10: 2013 | AN10: 2012 | AO10: 2016 | AP10: 2015 | AQ10: 2014 | AR10: 2013 | AS10: 2017 | AT10: 2016 | AU10: 2015 | AV10: 2014 | AW10: 2018 | AX10: 2017 | AY10: 2016 | AZ10: 2015 | BA10: 2019 | BB10: 2018 | BC10: 2017 | BD10: 2016 | BE10: 2020 | BF10: 2019 | BG10: 2018 | BH10: 2017 | BI10: 2021 | BJ10: 2020 | BK10: 2019 | BL10: 2018 | BN10: =Данные!BG10 -> внешний | BO10: =Данные!BH10 -> 900 | BQ10: 0 | BR10: 0 | BS10: 0 | BT10: 0 | BU10: 0 | BV10: 0 | BW10: 0 | BX10: 0 | BY10: 0 | BZ10: 0 | CA10: 0 | CB10: 0 | CC10: 0 | CD10: 0 | CE10: 0 | CF10: 0 | CG10: 0 | CH10: 0 | CI10: 0 | CJ10: 0 | CK10: 0 | CL10: 0 | CM10: 0 | CN10: 0 | CO10: 0 | CP10: 0 | CQ10: 0 | CR10: 0 | CS10: 0 | CT10: 0 | CU10: 0 | CV10: 0 | CW10: 0 | CX10: 0 | CY10: 0 | CZ10: 0 | DA10: 0 | DB10: 0 | DC10: 0 | DD10: 0 | DE10: 0 | DF10: 0 | DG10: 0 | DH10: 0 | DI10: 0 | DJ10: 0 | DK10: 0 | DL10: 0 | DM10: 0 | DN10: 0 | DO10: 0 | DP10: 0 | DQ10: 0 | DR10: 0 | DS10: 0 | DT10: 0 | DU10: 0 | DV10: 0 | DW10: 0 | DX10: 0 | DY10: 0 | DZ10: 0 | EA10: 0 | EB10: 0 | EC10: 0 | ED10: 0 | EE10: 0 | EF10: 0 | EG10: 0 | EH10: 0 | EI10: 0 | EJ10: 0 | EK10: 0 | EL10: 0
A11: =Данные!A11 -> 4277 | B11: =Данные!B11 -> 2018 | C11: =Данные!C11 -> компьютерных технологий и электронного обучения | D11: =Данные!D11 -> Абрамян Геннадий Владимирович | E11: =Данные!E11 -> доктор педагогических наук | F11: =Данные!F11 -> профессор | G11: =Данные!G11 -> 1 | H11: =Данные!H11 -> 17336 | ... L11: =Данные!L11 -> 36 | M11: =SUM(J11:L11)/10 -> 3.6 | N11: =2+(0.33*W11) -> 9.59 | O11: =0.25*W11 -> 5.75 | P11: =0.25*W11 -> 5.75 | Q11: =Данные!Q11 -> 0 | R11: =Данные!R11 -> 0 | S11: =Данные!S11 -> 0 | T11: =Данные!T11 -> 11 | U11: =Данные!U11 -> 0 | V11: =Данные!V11 -> 0 | W11: =Данные!W11 -> 23 | X11: =Данные!X11 -> 1 | ... AA11: =Данные!AA11 -> осн | AB11: =VLOOKUP(F11, $BN$3:$BO$15, 2, 0) -> 750 | AC11: =IF(IFERROR(MATCH(H11, $AK$4:$BL$4, 0), 0)>=1, "ИВТ (бак)", IF(IFERROR(MATCH(H11, $AK$5:$BL$5, 0), 0)>=1, "КЭО (маг)", "")) | AD11: =IF(IFERROR(MATCH(H11, $AK$4:$AN$4, 0), 0)=1, "2015–2016", IF(IFERROR(MATCH(H11, $AO$4:$AR$4, 0), 0)=1, "2016–2017", IF(IFERROR(MATCH(H11, $AS$4:$AV$4, 0), 0)=1, "2017–2018", IF(IFERROR(MATCH(H11, $AW$4:$AZ$4, 0), 0)=1, "2018–2019", IF(IFERROR(MATCH(H11, $BA$4:$BD$4, 0), 0)=1, "2019–2020", IF(IFERROR(MATCH(H11, $BE$4:$BH$4, 0), 0)=1, "2020–2021", IF(IFERROR(MATCH(H11, $BI$4:$BL$4, 0), 0)=1, "2021–2022", ""))))))) | AE11: =SUM(J11:V11) -> 71.69 | AF11: =AE11/AB11 -> 0.095586667 | AJ11: Бакалавры (ИВТ) | AK11: =Данные!AD11 -> 13 | AL11: =Данные!AE11 -> 15 | AM11: =Данные!AF11 -> 24 | AN11: =Данные!AG11 -> 34 | AO11: =Данные!AH11 -> 27 | AP11: =Данные!AI11 -> 13 | AQ11: =Данные!AJ11 -> 56 | AR11: =Данные!AK11 -> 55 | ... BL11: =Данные!BE11 -> 39 | BN11: =Данные!BG11 -> должность | BO11: =Данные!BH11 -> 1 | BQ11: 0 | BR11: 0 | BS11: 0 | BT11: 0 | BU11: 0 | BV11: 0 | BW11: 0 | BX11: 0 | BY11: 0 | BZ11: 0 | CA11: 0 | CB11: 0 | CC11: 0 | CD11: 0 | CE11: 0 | CF11: 0 | CG11: 0 | CH11: 0 | CI11: 0 | CJ11: 0 | CK11: 0 | CL11: 0 | CM11: 0 | CN11: 0 | CO11: 0 | CP11: 0 | CQ11: 0 | CR11: 0 | CS11: 0 | CT11: 0 | CU11: 0 | CV11: 0 | CW11: 0 | CX11: 0 | CY11: 0 | CZ11: 0 | DA11: 0 | DB11: 0 | DC11: 0 | DD11: 0 | DE11: 0 | DF11: 0 | DG11: 0 | DH11: 0 | DI11: 0 | DJ11: 0 | DK11: 0 | DL11: 0 | DM11: 0 | DN11: 0 | DO11: 0 | DP11: 0 | DQ11: 0 | DR11: 0 | DS11: 0 | DT11: 0 | DU11: 0 | DV11: 0 | DW11: 0 | DX11: 0 | DY11: 0 | DZ11: 0 | EA11: 0 | EB11: 0 | EC11: 0 | ED11: 0 | EE11: 0 | EF11: 0 | EG11: 0 | EH11: 0 | EI11: 0 | EJ11: 0 | EK11: 0 | EL11: 0
A12: =Данные!A12 -> 4699 | B12: =Данные!B12 -> 2016 | C12: =Данные!C12 -> компьютерных технологий и электронного обучения | D12: =Данные!D12 -> Полякова Наталия Александровна | E12: =Данные!E12 -> кандидат педагогических наук | F12: =Данные!F12 -> доцент | G12: =Данные!G12 -> 1 | H12: =Данные!H12 -> 15014 | ... L12: =Данные!L12 -> 0 | M12: =SUM(J12:L12)/10 -> 4.1 | N12: =2+(0.33*W12) -> 8.93 | O12: =0.25*W12 -> 5.25 | P12: =0.25*W12 -> 5.25 | Q12: =Данные!Q12 -> 0 | R12: =Данные!R12 -> 0 | S12: =Данные!S12 -> 0 | T12: =Данные!T12 -> 6 | U12: =Данные!U12 -> 0 | V12: =Данные!V12 -> 0 | W12: =Данные!W12 -> 21 | X12: =Данные!X12 -> 1 | ... AA12: =Данные!AA12 -> осн | AB12: =VLOOKUP(F12, $BN$3:$BO$15, 2, 0) -> 800 | AC12: =IF(IFERROR(MATCH(H12, $AK$4:$BL$4, 0), 0)>=1, "ИВТ (бак)", IF(IFERROR(MATCH(H12, $AK$5:$BL$5, 0), 0)>=1, "КЭО (маг)", "")) | AD12: =IF(IFERROR(MATCH(H12, $AK$4:$AN$4, 0), 0)=1, "2015–2016", IF(IFERROR(MATCH(H12, $AO$4:$AR$4, 0), 0)=1, "2016–2017", IF(IFERROR(MATCH(H12, $AS$4:$AV$4, 0), 0)=1, "2017–2018", IF(IFERROR(MATCH(H12, $AW$4:$AZ$4, 0), 0)=1, "2018–2019", IF(IFERROR(MATCH(H12, $BA$4:$BD$4, 0), 0)=1, "2019–2020", IF(IFERROR(MATCH(H12, $BE$4:$BH$4, 0), 0)=1, "2020–2021", IF(IFERROR(MATCH(H12, $BI$4:$BL$4, 0), 0)=1, "2021–2022", ""))))))) | AE12: =SUM(J12:V12) -> 70.53 | AF12: =AE12/AB12 -> 0.0881625 | AJ12: Магистры (КЭО) | AK12: =Данные!AD12 -> 10 | AL12: =Данные!AE12 -> 23 | AO12: =Данные!AH12 -> 56 | AP12: =Данные!AI12 -> 34 | AS12: =Данные!AL12 -> 10 | AT12: =Данные!AM12 -> 10 | AW12: =Данные!AP12 -> 10 | AX12: =Данные!AQ12 -> 10 | BA12: =Данные!AT12 -> 27 | BB12: =Данные!AU12 -> 10 | BE12: =Данные!AX12 -> 43 | BF12: =Данные!AY12 -> 38 | BI12: =Данные!BB12 -> 43 | BJ12: =Данные!BC12 -> 45 | BN12: =Данные!BG12 -> должность | BO12: =Данные!BH12 -> 1 | BQ12: 0 | BR12: 0 | BS12: 0 | BT12: 0 | BU12: 0 | BV12: 0 | BW12: 0 | BX12: 0 | BY12: 0 | BZ12: 0 | CA12: 0 | CB12: 0 | CC12: 0 | CD12: 0 | CE12: 0 | CF12: 0 | CG12: 0 | CH12: 0 | CI12: 0 | CJ12: 0 | CK12: 0 | CL12: 0 | CM12: 0 | CN12: 0 | CO12: 0 | CP12: 0 | CQ12: 0 | CR12: 0 | CS12: 0 | CT12: 0 | CU12: 0 | CV12: 0 | CW12: 0 | CX12: 0 | CY12: 0 | CZ12: 0 | DA12: 0 | DB12: 0 | DC12: 0 | DD12: 0 | DE12: 0 | DF12: 0 | DG12: 0 | DH12: 0 | DI12: 0 | DJ12: 0 | DK12: 0 | DL12: 0 | DM12: 0 | DN12: 0 | DO12: 0 | DP12: 0 | DQ12: 0 | DR12: 0 | DS12: 0 | DT12: 0 | DU12: 0 | DV12: 0 | DW12: 0 | DX12: 0 | DY12: 0 | DZ12: 0 | EA12: 0 | EB12: 0 | EC12: 0 | ED12: 0 | EE12: 0 | EF12: 0 | EG12: 0 | EH12: 0 | EI12: 0 | EJ12: 0 | EK12: 0 | EL12: 0
A13: =Данные!A13 -> 4699 | B13: =Данные!B13 -> 2018 | C13: =Данные!C13 -> компьютерных технологий и электронного обучения | D13: =Данные!D13 -> Абрамян Геннадий Владимирович | E13: =Данные!E13 -> доктор педагогических наук | F13: =Данные!F13 -> профессор | G13: =Данные!G13 -> 1 | H13: =Данные!H13 -> 17337 | ... L13: =Данные!L13 -> 54 | M13: =SUM(J13:L13)/10 -> 7.2 | N13: =2+(0.33*W13) -> 9.92 | O13: =0.25*W13 -> 6 | P13: =0.25*W13 -> 6 | Q13: =Данные!Q13 -> 0 | R13: =Данные!R13 -> 0 | S13: =Данные!S13 -> 0 | T13: =Данные!T13 -> 10 | U13: =Данные!U13 -> 0 | V13: =Данные!V13 -> 0 | W13: =Данные!W13 -> 24 | X13: =Данные!X13 -> 1 | ... AA13: =Данные!AA13 -> осн | AB13: =VLOOKUP(F13, $BN$3:$BO$15, 2, 0) -> 750 | AC13: =IF(IFERROR(MATCH(H13, $AK$4:$BL$4, 0), 0)>=1, "ИВТ (бак)", IF(IFERROR(MATCH(H13, $AK$5:$BL$5, 0), 0)>=1, "КЭО (маг)", "")) | AD13: =IF(IFERROR(MATCH(H13, $AK$4:$AN$4, 0), 0)=1, "2015–2016", IF(IFERROR(MATCH(H13, $AO$4:$AR$4, 0), 0)=1, "2016–2017", IF(IFERROR(MATCH(H13, $AS$4:$AV$4, 0), 0)=1, "2017–2018", IF(IFERROR(MATCH(H13, $AW$4:$AZ$4, 0), 0)=1, "2018–2019", IF(IFERROR(MATCH(H13, $BA$4:$BD$4, 0), 0)=1, "2019–2020", IF(IFERROR(MATCH(H13, $BE$4:$BH$4, 0), 0)=1, "2020–2021", IF(IFERROR(MATCH(H13, $BI$4:$BL$4, 0), 0)=1, "2021–2022", ""))))))) | AE13: =SUM(J13:V13) -> 111.12 | AF13: =AE13/AB13 -> 0.14816 | BN13: =Данные!BG13 -> должность | BO13: =Данные!BH13 -> 1 | BQ13: 0 | BR13: 0 | BS13: 0 | BT13: 0 | BU13: 0 | BV13: 0 | BW13: 0 | BX13: 0 | BY13: 0 | BZ13: 0 | CA13: 0 | CB13: 0 | CC13: 0 | CD13: 0 | CE13: 0 | CF13: 0 | CG13: 0 | CH13: 0 | CI13: 0 | CJ13: 0 | CK13: 0 | CL13: 0 | CM13: 0 | CN13: 0 | CO13: 0 | CP13: 0 | CQ13: 0 | CR13: 0 | CS13: 0 | CT13: 0 | CU13: 0 | CV13: 0 | CW13: 0 | CX13: 0 | CY13: 0 | CZ13: 0 | DA13: 0 | DB13: 0 | DC13: 0 | DD13: 0 | DE13: 0 | DF13: 0 | DG13: 0 | DH13: 0 | DI13: 0 | DJ13: 0 | DK13: 0 | DL13: 0 | DM13: 0 | DN13: 0 | DO13: 0 | DP13: 0 | DQ13: 0 | DR13: 0 | DS13: 0 | DT13: 0 | DU13: 0 | DV13: 0 | DW13: 0 | DX13: 0 | DY13: 0 | DZ13: 0 | EA13: 0 | EB13: 0 | EC13: 0 | ED13: 0 | EE13: 0 | EF13: 0 | EG13: 0 | EH13: 0 | EI13: 0 | EJ13: 0 | EK13: 0 | EL13: 0
A14: =Данные!A14 -> 4701 | B14: =Данные!B14 -> 2016 | C14: =Данные!C14 -> компьютерных технологий и электронного обучения | D14: =Данные!D14 -> Аксютин Павел Александрович | E14: =Данные!E14 -> нет | F14: =Данные!F14 -> ассистент | G14: =Данные!G14 -> 0.5 | H14: =Данные!H14 -> 15313 | ... L14: =Данные!L14 -> 0 | M14: =SUM(J14:L14)/10 -> 0 | N14: =2+(0.33*W14) -> 8.6 | O14: =0.25*W14 -> 5 | P14: =0.25*W14 -> 5 | Q14: =Данные!Q14 -> 0 | R14: =Данные!R14 -> 0 | S14: =Данные!S14 -> 0 | T14: =Данные!T14 -> 7 | U14: =Данные!U14 -> 0 | V14: =Данные!V14 -> 0 | W14: =Данные!W14 -> 20 | X14: =Данные!X14 -> 1 | ... AA14: =Данные!AA14 -> осн | AB14: =VLOOKUP(F14, $BN$3:$BO$15, 2, 0) -> 900 | AC14: =IF(IFERROR(MATCH(H14, $AK$4:$BL$4, 0), 0)>=1, "ИВТ (бак)", IF(IFERROR(MATCH(H14, $AK$5:$BL$5, 0), 0)>=1, "КЭО (маг)", "")) | AD14: =IF(IFERROR(MATCH(H14, $AK$4:$AN$4, 0), 0)=1, "2015–2016", IF(IFERROR(MATCH(H14, $AO$4:$AR$4, 0), 0)=1, "2016–2017", IF(IFERROR(MATCH(H14, $AS$4:$AV$4, 0), 0)=1, "2017–2018", IF(IFERROR(MATCH(H14, $AW$4:$AZ$4, 0), 0)=1, "2018–2019", IF(IFERROR(MATCH(H14, $BA$4:$BD$4, 0), 0)=1, "2019–2020", IF(IFERROR(MATCH(H14, $BE$4:$BH$4, 0), 0)=1, "2020–2021", IF(IFERROR(MATCH(H14, $BI$4:$BL$4, 0), 0)=1, "2021–2022", ""))))))) | AE14: =SUM(J14:V14) -> 25.6 | AF14: =AE14/AB14 -> 0.028444444 | BN14: =Данные!BG14 -> должность | BO14: =Данные!BH14 -> 1 | BQ14: 0 | BR14: 0 | BS14: 0 | BT14: 0 | BU14: 0 | BV14: 0 | BW14: 0 | BX14: 0 | BY14: 0 | BZ14: 0 | CA14: 0 | CB14: 0 | CC14: 0 | CD14: 0 | CE14: 0 | CF14: 0 | CG14: 0 | CH14: 0 | CI14: 0 | CJ14: 0 | CK14: 0 | CL14: 0 | CM14: 0 | CN14: 0 | CO14: 0 | CP14: 0 | CQ14: 0 | CR14: 0 | CS14: 0 | CT14: 0 | CU14: 0 | CV14: 0 | CW14: 0 | CX14: 0 | CY14: 0 | CZ14: 0 | DA14: 0 | DB14: 0 | DC14: 0 | DD14: 0 | DE14: 0 | DF14: 0 | DG14: 0 | DH14: 0 | DI14: 0 | DJ14: 0 | DK14: 0 | DL14: 0 | DM14: 0 | DN14: 0 | DO14: 0 | DP14: 0 | DQ14: 0 | DR14: 0 | DS14: 0 | DT14: 0 | DU14: 0 | DV14: 0 | DW14: 0 | DX14: 0 | DY14: 0 | DZ14: 0 | EA14: 0 | EB14: 0 | EC14: 0 | ED14: 0 | EE14: 0 | EF14: 0 | EG14: 0 | EH14: 0 | EI14: 0 | EJ14: 0 | EK14: 0 | EL14: 0
A15: =Данные!A15 -> 4701 | B15: =Данные!B15 -> 2016 | C15: =Данные!C15 -> компьютерных технологий и электронного обучения | D15: =Данные!D15 -> Власова Елена Зотиковна | E15: =Данные!E15 -> доктор педагогических наук | F15: =Данные!F15 -> заведующий кафедрой | G15: =Данные!G15 -> 1 | H15: =Данные!H15 -> 15313 | ... L15: =Данные!L15 -> 0 | M15: =SUM(J15:L15)/10 -> 0.2 | N15: =2+(0.33*W15) -> 8.6 | O15: =0.25*W15 -> 5 | P15: =0.25*W15 -> 5 | Q15: =Данные!Q15 -> 0 | R15: =Данные!R15 -> 0 | S15: =Данные!S15 -> 0 | T15: =Данные!T15 -> 9 | U15: =Данные!U15 -> 0 | V15: =Данные!V15 -> 0 | W15: =Данные!W15 -> 20 | X15: =Данные!X15 -> 1 | ... AA15: =Данные!AA15 -> осн | AB15: =VLOOKUP(F15, $BN$3:$BO$15, 2, 0) -> 700 | AC15: =IF(IFERROR(MATCH(H15, $AK$4:$BL$4, 0), 0)>=1, "ИВТ (бак)", IF(IFERROR(MATCH(H15, $AK$5:$BL$5, 0), 0)>=1, "КЭО (маг)", "")) | AD15: =IF(IFERROR(MATCH(H15, $AK$4:$AN$4, 0), 0)=1, "2015–2016", IF(IFERROR(MATCH(H15, $AO$4:$AR$4, 0), 0)=1, "2016–2017", IF(IFERROR(MATCH(H15, $AS$4:$AV$4, 0), 0)=1, "2017–2018", IF(IFERROR(MATCH(H15, $AW$4:$AZ$4, 0), 0)=1, "2018–2019", IF(IFERROR(MATCH(H15, $BA$4:$BD$4, 0), 0)=1, "2019–2020", IF(IFERROR(MATCH(H15, $BE$4:$BH$4, 0), 0)=1, "2020–2021", IF(IFERROR(MATCH(H15, $BI$4:$BL$4, 0), 0)=1, "2021–2022", ""))))))) | AE15: =SUM(J15:V15) -> 29.8 | AF15: =AE15/AB15 -> 0.042571429 | BN15: =Данные!BG15 -> должность | BO15: =Данные!BH15 -> 1 | BQ15: 0 | BR15: 0 | BS15: 0 | BT15: 0 | BU15: 0 | BV15: 0 | BW15: 0 | BX15: 0 | BY15: 0 | BZ15: 0 | CA15: 0 | CB15: 0 | CC15: 0 | CD15: 0 | CE15: 0 | CF15: 0 | CG15: 0 | CH15: 0 | CI15: 0 | CJ15: 0 | CK15: 0 | CL15: 0 | CM15: 0 | CN15: 0 | CO15: 0 | CP15: 0 | CQ15: 0 | CR15: 0 | CS15: 0 | CT15: 0 | CU15: 0 | CV15: 0 | CW15: 0 | CX15: 0 | CY15: 0 | CZ15: 0 | DA15: 0 | DB15: 0 | DC15: 0 | DD15: 0 | DE15: 0 | DF15: 0 | DG15: 0 | DH15: 0 | DI15: 0 | DJ15: 0 | DK15: 0 | DL15: 0 | DM15: 0 | DN15: 0 | DO15: 0 | DP15: 0 | DQ15: 0 | DR15: 0 | DS15: 0 | DT15: 0 | DU15: 0 | DV15: 0 | DW15: 0 | DX15: 0 | DY15: 0 | DZ15: 0 | EA15: 0 | EB15: 0 | EC15: 0 | ED15: 0 | EE15: 0 | EF15: 0 | EG15: 0 | EH15: 0 | EI15: 0 | EJ15: 0 | EK15: 0 | EL15: 0
A16: =Данные!A16 -> 4701 | B16: =Данные!B16 -> 2016 | C16: =Данные!C16 -> компьютерных технологий и электронного обучения | D16: =Данные!D16 -> Гончарова Светлана Викторовна | E16: =Данные!E16 -> кандидат педагогических наук | F16: =Данные!F16 -> доцент | G16: =Данные!G16 -> 1 | H16: =Данные!H16 -> 15313 | ... L16: =Данные!L16 -> 51 | M16: =SUM(J16:L16)/10 -> 8.3 | N16: =2+(0.33*W16) -> 8.6 | O16: =0.25*W16 -> 5 | P16: =0.25*W16 -> 5 | Q16: =Данные!Q16 -> 0 | R16: =Данные!R16 -> 0 | S16: =Данные!S16 -> 0 | T16: =Данные!T16 -> 4 | U16: =Данные!U16 -> 0 | V16: =Данные!V16 -> 0 | W16: =Данные!W16 -> 20 | X16: =Данные!X16 -> 1 | ... AA16: =Данные!AA16 -> осн | AB16: =VLOOKUP(F16, $BN$3:$BO$15, 2, 0) -> 800 | AC16: =IF(IFERROR(MATCH(H16, $AK$4:$BL$4, 0), 0)>=1, "ИВТ (бак)", IF(IFERROR(MATCH(H16, $AK$5:$BL$5, 0), 0)>=1, "КЭО (маг)", "")) | AD16: =IF(IFERROR(MATCH(H16, $AK$4:$AN$4, 0), 0)=1, "2015–2016", IF(IFERROR(MATCH(H16, $AO$4:$AR$4, 0), 0)=1, "2016–2017", IF(IFERROR(MATCH(H16, $AS$4:$AV$4, 0), 0)=1, "2017–2018", IF(IFERROR(MATCH(H16, $AW$4:$AZ$4, 0), 0)=1, "2018–2019", IF(IFERROR(MATCH(H16, $BA$4:$BD$4, 0), 0)=1, "2019–2020", IF(IFERROR(MATCH(H16, $BE$4:$BH$4, 0), 0)=1, "2020–2021", IF(IFERROR(MATCH(H16, $BI$4:$BL$4, 0), 0)=1, "2021–2022", ""))))))) | AE16: =SUM(J16:V16) -> 113.9 | AF16: =AE16/AB16 -> 0.142375 | BQ16: 0 | BR16: 0 | BS16: 0 | BT16: 0 | BU16: 0 | BV16: 0 | BW16: 0 | BX16: 0 | BY16: 0 | BZ16: 0 | CA16: 0 | CB16: 0 | CC16: 0 | CD16: 0 | CE16: 0 | CF16: 0 | CG16: 0 | CH16: 0 | CI16: 0 | CJ16: 0 | CK16: 0 | CL16: 0 | CM16: 0 | CN16: 0 | CO16: 0 | CP16: 0 | CQ16: 0 | CR16: 0 | CS16: 0 | CT16: 0 | CU16: 0 | CV16: 0 | CW16: 0 | CX16: 0 | CY16: 0 | CZ16: 0 | DA16: 0 | DB16: 0 | DC16: 0 | DD16: 0 | DE16: 0 | DF16: 0 | DG16: 0 | DH16: 0 | DI16: 0 | DJ16: 0 | DK16: 0 | DL16: 0 | DM16: 0 | DN16: 0 | DO16: 0 | DP16: 0 | DQ16: 0 | DR16: 0 | DS16: 0 | DT16: 0 | DU16: 0 | DV16: 0 | DW16: 0 | DX16: 0 | DY16: 0 | DZ16: 0 | EA16: 0 | EB16: 0 | EC16: 0 | ED16: 0 | EE16: 0 | EF16: 0 | EG16: 0 | EH16: 0 | EI16: 0 | EJ16: 0 | EK16: 0 | EL16: 0
A17: =Данные!A17 -> 4701 | B17: =Данные!B17 -> 2016 | C17: =Данные!C17 -> компьютерных технологий и электронного обучения | D17: =Данные!D17 -> Ильина Татьяна Сергеевна | E17: =Данные!E17 -> нет | F17: =Данные!F17 -> старший преподаватель | G17: =Данные!G17 -> 1 | H17: =Данные!H17 -> 15313 | ... L17: =Данные!L17 -> 102 | M17: =SUM(J17:L17)/10 -> 10.2 | N17: =2+(0.33*W17) -> 8.6 | O17: =0.25*W17 -> 5 | P17: =0.25*W17 -> 5 | Q17: =Данные!Q17 -> 0 | R17: =Данные!R17 -> 0 | S17: =Данные!S17 -> 0 | T17: =Данные!T17 -> 10 | U17: =Данные!U17 -> 0 | V17: =Данные!V17 -> 0 | W17: =Данные!W17 -> 20 | X17: =Данные!X17 -> 1 | ... AA17: =Данные!AA17 -> осн | AB17: =VLOOKUP(F17, $BN$3:$BO$15, 2, 0) -> 850 | AC17: =IF(IFERROR(MATCH(H17, $AK$4:$BL$4, 0), 0)>=1, "ИВТ (бак)", IF(IFERROR(MATCH(H17, $AK$5:$BL$5, 0), 0)>=1, "КЭО (маг)", "")) | AD17: =IF(IFERROR(MATCH(H17, $AK$4:$AN$4, 0), 0)=1, "2015–2016", IF(IFERROR(MATCH(H17, $AO$4:$AR$4, 0), 0)=1, "2016–2017", IF(IFERROR(MATCH(H17, $AS$4:$AV$4, 0), 0)=1, "2017–2018", IF(IFERROR(MATCH(H17, $AW$4:$AZ$4, 0), 0)=1, "2018–2019", IF(IFERROR(MATCH(H17, $BA$4:$BD$4, 0), 0)=1, "2019–2020", IF(IFERROR(MATCH(H17, $BE$4:$BH$4, 0), 0)=1, "2020–2021", IF(IFERROR(MATCH(H17, $BI$4:$BL$4, 0), 0)=1, "2021–2022", ""))))))) | AE17: =SUM(J17:V17) -> 140.8 | AF17: =AE17/AB17 -> 0.16564706 | BQ17: 0 | BR17: 0 | BS17: 0 | BT17: 0 | BU17: 0 | BV17: 0 | BW17: 0 | BX17: 0 | BY17: 0 | BZ17: 0 | CA17: 0 | CB17: 0 | CC17: 0 | CD17: 0 | CE17: 0 | CF17: 0 | CG17: 0 | CH17: 0 | CI17: 0 | CJ17: 0 | CK17: 0 | CL17: 0 | CM17: 0 | CN17: 0 | CO17: 0 | CP17: 0 | CQ17: 0 | CR17: 0 | CS17: 0 | CT17: 0 | CU17: 0 | CV17: 0 | CW17: 0 | CX17: 0 | CY17: 0 | CZ17: 0 | DA17: 0 | DB17: 0 | DC17: 0 | DD17: 0 | DE17: 0 | DF17: 0 | DG17: 0 | DH17: 0 | DI17: 0 | DJ17: 0 | DK17: 0 | DL17: 0 | DM17: 0 | DN17: 0 | DO17: 0 | DP17: 0 | DQ17: 0 | DR17: 0 | DS17: 0 | DT17: 0 | DU17: 0 | DV17: 0 | DW17: 0 | DX17: 0 | DY17: 0 | DZ17: 0 | EA17: 0 | EB17: 0 | EC17: 0 | ED17: 0 | EE17: 0 | EF17: 0 | EG17: 0 | EH17: 0 | EI17: 0 | EJ17: 0 | EK17: 0 | EL17: 0
A18: =Данные!A18 -> 4701 | B18: =Данные!B18 -> 2016 | C18: =Данные!C18 -> компьютерных технологий и электронного обучения | D18: =Данные!D18 -> Карпова Наталья Александровна | E18: =Данные!E18 -> кандидат технических наук | F18: =Данные!F18 -> доцент | G18: =Данные!G18 -> 0.5 | H18: =Данные!H18 -> 15313 | ... L18: =Данные!L18 -> 102 | M18: =SUM(J18:L18)/10 -> 11.9 | N18: =2+(0.33*W18) -> 8.6 | O18: =0.25*W18 -> 5 | P18: =0.25*W18 -> 5 | Q18: =Данные!Q18 -> 0 | R18: =Данные!R18 -> 0 | S18: =Данные!S18 -> 0 | T18: =Данные!T18 -> 12 | U18: =Данные!U18 -> 0 | V18: =Данные!V18 -> 0 | W18: =Данные!W18 -> 20 | X18: =Данные!X18 -> 1 | ... AA18: =Данные!AA18 -> осн | AB18: =VLOOKUP(F18, $BN$3:$BO$15, 2, 0) -> 800 | AC18: =IF(IFERROR(MATCH(H18, $AK$4:$BL$4, 0), 0)>=1, "ИВТ (бак)", IF(IFERROR(MATCH(H18, $AK$5:$BL$5, 0), 0)>=1, "КЭО (маг)", "")) | AD18: =IF(IFERROR(MATCH(H18, $AK$4:$AN$4, 0), 0)=1, "2015–2016", IF(IFERROR(MATCH(H18, $AO$4:$AR$4, 0), 0)=1, "2016–2017", IF(IFERROR(MATCH(H18, $AS$4:$AV$4, 0), 0)=1, "2017–2018", IF(IFERROR(MATCH(H18, $AW$4:$AZ$4, 0), 0)=1, "2018–2019", IF(IFERROR(MATCH(H18, $BA$4:$BD$4, 0), 0)=1, "2019–2020", IF(IFERROR(MATCH(H18, $BE$4:$BH$4, 0), 0)=1, "2020–2021", IF(IFERROR(MATCH(H18, $BI$4:$BL$4, 0), 0)=1, "2021–2022", ""))))))) | AE18: =SUM(J18:V18) -> 161.5 | AF18: =AE18/AB18 -> 0.201875 | BQ18: 0 | BR18: 0 | BS18: 0 | BT18: 0 | BU18: 0 | BV18: 0 | BW18: 0 | BX18: 0 | BY18: 0 | BZ18: 0 | CA18: 0 | CB18: 0 | CC18: 0 | CD18: 0 | CE18: 0 | CF18: 0 | CG18: 0 | CH18: 0 | CI18: 0 | CJ18: 0 | CK18: 0 | CL18: 0 | CM18: 0 | CN18: 0 | CO18: 0 | CP18: 0 | CQ18: 0 | CR18: 0 | CS18: 0 | CT18: 0 | CU18: 0 | CV18: 0 | CW18: 0 | CX18: 0 | CY18: 0 | CZ18: 0 | DA18: 0 | DB18: 0 | DC18: 0 | DD18: 0 | DE18: 0 | DF18: 0 | DG18: 0 | DH18: 0 | DI18: 0 | DJ18: 0 | DK18: 0 | DL18: 0 | DM18: 0 | DN18: 0 | DO18: 0 | DP18: 0 | DQ18: 0 | DR18: 0 | DS18: 0 | DT18: 0 | DU18: 0 | DV18: 0 | DW18: 0 | DX18: 0 | DY18: 0 | DZ18: 0 | EA18: 0 | EB18: 0 | EC18: 0 | ED18: 0 | EE18: 0 | EF18: 0 | EG18: 0 | EH18: 0 | EI18: 0 | EJ18: 0 | EK18: 0 | EL18: 0
A19: =Данные!A19 -> 4755 | B19: =Данные!B19 -> 2016 | C19: =Данные!C19 -> компьютерных технологий и электронного обучения | D19: =Данные!D19 -> Абрамян Геннадий Владимирович | E19: =Данные!E19 -> доктор педагогических наук | F19: =Данные!F19 -> профессор | G19: =Данные!G19 -> 1 | H19: =Данные!H19 -> 15058 | ... L19: =Данные!L19 -> 72 | M19: =SUM(J19:L19)/10 -> 9 | N19: =2+(0.33*W19) -> 10.25 | O19: =0.25*W19 -> 6.25 | P19: =0.25*W19 -> 6.25 | Q19: =Данные!Q19 -> 0 | R19: =Данные!R19 -> 0 | S19: =Данные!S19 -> 0 | T19: =Данные!T19 -> 17 | U19: =Данные!U19 -> 0 | V19: =Данные!V19 -> 0 | W19: =Данные!W19 -> 25 | X19: =Данные!X19 -> 1 | ... AA19: =Данные!AA19 -> осн | AB19: =VLOOKUP(F19, $BN$3:$BO$15, 2, 0) -> 750 | AC19: =IF(IFERROR(MATCH(H19, $AK$4:$BL$4, 0), 0)>=1, "ИВТ (бак)", IF(IFERROR(MATCH(H19, $AK$5:$BL$5, 0), 0)>=1, "КЭО (маг)", "")) | AD19: =IF(IFERROR(MATCH(H19, $AK$4:$AN$4, 0), 0)=1, "2015–2016", IF(IFERROR(MATCH(H19, $AO$4:$AR$4, 0), 0)=1, "2016–2017", IF(IFERROR(MATCH(H19, $AS$4:$AV$4, 0), 0)=1, "2017–2018", IF(IFERROR(MATCH(H19, $AW$4:$AZ$4, 0), 0)=1, "2018–2019", IF(IFERROR(MATCH(H19, $BA$4:$BD$4, 0), 0)=1, "2019–2020", IF(IFERROR(MATCH(H19, $BE$4:$BH$4, 0), 0)=1, "2020–2021", IF(IFERROR(MATCH(H19, $BI$4:$BL$4, 0), 0)=1, "2021–2022", ""))))))) | AE19: =SUM(J19:V19) -> 138.75 | AF19: =AE19/AB19 -> 0.185 | BQ19: 0 | BR19: 0 | BS19: 0 | BT19: 0 | BU19: 0 | BV19: 0 | BW19: 0 | BX19: 0 | BY19: 0 | BZ19: 0 | CA19: 0 | CB19: 0 | CC19: 0 | CD19: 0 | CE19: 0 | CF19: 0 | CG19: 0 | CH19: 0 | CI19: 0 | CJ19: 0 | CK19: 0 | CL19: 0 | CM19: 0 | CN19: 0 | CO19: 0 | CP19: 0 | CQ19: 0 | CR19: 0 | CS19: 0 | CT19: 0 | CU19: 0 | CV19: 0 | CW19: 0 | CX19: 0 | CY19: 0 | CZ19: 0 | DA19: 0 | DB19: 0 | DC19: 0 | DD19: 0 | DE19: 0 | DF19: 0 | DG19: 0 | DH19: 0 | DI19: 0 | DJ19: 0 | DK19: 0 | DL19: 0 | DM19: 0 | DN19: 0 | DO19: 0 | DP19: 0 | DQ19: 0 | DR19: 0 | DS19: 0 | DT19: 0 | DU19: 0 | DV19: 0 | DW19: 0 | DX19: 0 | DY19: 0 | DZ19: 0 | EA19: 0 | EB19: 0 | EC19: 0 | ED19: 0 | EE19: 0 | EF19: 0 | EG19: 0 | EH19: 0 | EI19: 0 | EJ19: 0 | EK19: 0 | EL19: 0
A20: =Данные!A20 -> 4755 | B20: =Данные!B20 -> 2016 | C20: =Данные!C20 -> компьютерных технологий и электронного обучения | D20: =Данные!D20 -> Авксентьева Елена Юрьевна | E20: =Данные!E20 -> кандидат педагогических наук | F20: =Данные!F20 -> доцент | G20: =Данные!G20 -> 1 | H20: =Данные!H20 -> 15058 | ... L20: =Данные!L20 -> 0 | M20: =SUM(J20:L20)/10 -> 9.6 | N20: =2+(0.33*W20) -> 10.25 | O20: =0.25*W20 -> 6.25 | P20: =0.25*W20 -> 6.25 | Q20: =Данные!Q20 -> 0 | R20: =Данные!R20 -> 0 | S20: =Данные!S20 -> 0 | T20: =Данные!T20 -> 12 | U20: =Данные!U20 -> 0 | V20: =Данные!V20 -> 0 | W20: =Данные!W20 -> 25 | X20: =Данные!X20 -> 1 | ... AA20: =Данные!AA20 -> осн | AB20: =VLOOKUP(F20, $BN$3:$BO$15, 2, 0) -> 800 | AC20: =IF(IFERROR(MATCH(H20, $AK$4:$BL$4, 0), 0)>=1, "ИВТ (бак)", IF(IFERROR(MATCH(H20, $AK$5:$BL$5, 0), 0)>=1, "КЭО (маг)", "")) | AD20: =IF(IFERROR(MATCH(H20, $AK$4:$AN$4, 0), 0)=1, "2015–2016", IF(IFERROR(MATCH(H20, $AO$4:$AR$4, 0), 0)=1, "2016–2017", IF(IFERROR(MATCH(H20, $AS$4:$AV$4, 0), 0)=1, "2017–2018", IF(IFERROR(MATCH(H20, $AW$4:$AZ$4, 0), 0)=1, "2018–2019", IF(IFERROR(MATCH(H20, $BA$4:$BD$4, 0), 0)=1, "2019–2020", IF(IFERROR(MATCH(H20, $BE$4:$BH$4, 0), 0)=1, "2020–2021", IF(IFERROR(MATCH(H20, $BI$4:$BL$4, 0), 0)=1, "2021–2022", ""))))))) | AE20: =SUM(J20:V20) -> 140.35 | AF20: =AE20/AB20 -> 0.1754375 | BQ20: 0 | BR20: 0 | BS20: 0 | BT20: 0 | BU20: 0 | BV20: 0 | BW20: 0 | BX20: 0 | BY20: 0 | BZ20: 0 | CA20: 0 | CB20: 0 | CC20: 0 | CD20: 0 | CE20: 0 | CF20: 0 | CG20: 0 | CH20: 0 | CI20: 0 | CJ20: 0 | CK20: 0 | CL20: 0 | CM20: 0 | CN20: 0 | CO20: 0 | CP20: 0 | CQ20: 0 | CR20: 0 | CS20: 0 | CT20: 0 | CU20: 0 | CV20: 0 | CW20: 0 | CX20: 0 | CY20: 0 | CZ20: 0 | DA20: 0 | DB20: 0 | DC20: 0 | DD20: 0 | DE20: 0 | DF20: 0 | DG20: 0 | DH20: 0 | DI20: 0 | DJ20: 0 | DK20: 0 | DL20: 0 | DM20: 0 | DN20: 0 | DO20: 0 | DP20: 0 | DQ20: 0 | DR20: 0 | DS20: 0 | DT20: 0 | DU20: 0 | DV20: 0 | DW20: 0 | DX20: 0 | DY20: 0 | DZ20: 0 | EA20: 0 | EB20: 0 | EC20: 0 | ED20: 0 | EE20: 0 | EF20: 0 | EG20: 0 | EH20: 0 | EI20: 0 | EJ20: 0 | EK20: 0 | EL20: 0
A21: =Данные!A21 -> 4755 | B21: =Данные!B21 -> 2016 | C21: =Данные!C21 -> компьютерных технологий и электронного обучения | D21: =Данные!D21 -> Карпова Наталья Александровна | E21: =Данные!E21 -> кандидат технических наук | F21: =Данные!F21 -> доцент | G21: =Данные!G21 -> 1 | H21: =Данные!H21 -> 15058 | ... L21: =Данные!L21 -> 0 | M21: =SUM(J21:L21)/10 -> 0 | N21: =2+(0.33*W21) -> 10.25 | O21: =0.25*W21 -> 6.25 | P21: =0.25*W21 -> 6.25 | Q21: =Данные!Q21 -> 0 | R21: =Данные!R21 -> 0 | S21: =Данные!S21 -> 0 | T21: =Данные!T21 -> 2 | U21: =Данные!U21 -> 0 | V21: =Данные!V21 -> 0 | W21: =Данные!W21 -> 25 | X21: =Данные!X21 -> 1 | ... AA21: =Данные!AA21 -> осн | AB21: =VLOOKUP(F21, $BN$3:$BO$15, 2, 0) -> 800 | AC21: =IF(IFERROR(MATCH(H21, $AK$4:$BL$4, 0), 0)>=1, "ИВТ (бак)", IF(IFERROR(MATCH(H21, $AK$5:$BL$5, 0), 0)>=1, "КЭО (маг)", "")) | AD21: =IF(IFERROR(MATCH(H21, $AK$4:$AN$4, 0), 0)=1, "2015–2016", IF(IFERROR(MATCH(H21, $AO$4:$AR$4, 0), 0)=1, "2016–2017", IF(IFERROR(MATCH(H21, $AS$4:$AV$4, 0), 0)=1, "2017–2018", IF(IFERROR(MATCH(H21, $AW$4:$AZ$4, 0), 0)=1, "2018–2019", IF(IFERROR(MATCH(H21, $BA$4:$BD$4, 0), 0)=1, "2019–2020", IF(IFERROR(MATCH(H21, $BE$4:$BH$4, 0), 0)=1, "2020–2021", IF(IFERROR(MATCH(H21, $BI$4:$BL$4, 0), 0)=1, "2021–2022", ""))))))) | AE21: =SUM(J21:V21) -> 24.75 | AF21: =AE21/AB21 -> 0.0309375 | BQ21: 0 | BR21: 0 | BS21: 0 | BT21: 0 | BU21: 0 | BV21: 0 | BW21: 0 | BX21: 0 | BY21: 0 | BZ21: 0 | CA21: 0 | CB21: 0 | CC21: 0 | CD21: 0 | CE21: 0 | CF21: 0 | CG21: 0 | CH21: 0 | CI21: 0 | CJ21: 0 | CK21: 0 | CL21: 0 | CM21: 0 | CN21: 0 | CO21: 0 | CP21: 0 | CQ21: 0 | CR21: 0 | CS21: 0 | CT21: 0 | CU21: 0 | CV21: 0 | CW21: 0 | CX21: 0 | CY21: 0 | CZ21: 0 | DA21: 0 | DB21: 0 | DC21: 0 | DD21: 0 | DE21: 0 | DF21: 0 | DG21: 0 | DH21: 0 | DI21: 0 | DJ21: 0 | DK21: 0 | DL21: 0 | DM21: 0 | DN21: 0 | DO21: 0 | DP21: 0 | DQ21: 0 | DR21: 0 | DS21: 0 | DT21: 0 | DU21: 0 | DV21: 0 | DW21: 0 | DX21: 0 | DY21: 0 | DZ21: 0 | EA21: 0 | EB21: 0 | EC21: 0 | ED21: 0 | EE21: 0 | EF21: 0 | EG21: 0 | EH21: 0 | EI21: 0 | EJ21: 0 | EK21: 0 | EL21: 0
A22: =Данные!A22 -> 4755 | B22: =Данные!B22 -> 2016 | C22: =Данные!C22 -> компьютерных технологий и электронного обучения | D22: =Данные!D22 -> Полякова Наталия Александровна | E22: =Данные!E22 -> кандидат педагогических наук | F22: =Данные!F22 -> доцент | G22: =Данные!G22 -> 1 | H22: =Данные!H22 -> 15058 | ... L22: =Данные!L22 -> 0 | M22: =SUM(J22:L22)/10 -> 0.9 | N22: =2+(0.33*W22) -> 10.25 | O22: =0.25*W22 -> 6.25 | P22: =0.25*W22 -> 6.25 | Q22: =Данные!Q22 -> 0 | R22: =Данные!R22 -> 0 | S22: =Данные!S22 -> 0 | T22: =Данные!T22 -> 0 | U22: =Данные!U22 -> 0 | V22: =Данные!V22 -> 0 | W22: =Данные!W22 -> 25 | X22: =Данные!X22 -> 1 | ... AA22: =Данные!AA22 -> осн | AB22: =VLOOKUP(F22, $BN$3:$BO$15, 2, 0) -> 800 | AC22: =IF(IFERROR(MATCH(H22, $AK$4:$BL$4, 0), 0)>=1, "ИВТ (бак)", IF(IFERROR(MATCH(H22, $AK$5:$BL$5, 0), 0)>=1, "КЭО (маг)", "")) | AD22: =IF(IFERROR(MATCH(H22, $AK$4:$AN$4, 0), 0)=1, "2015–2016", IF(IFERROR(MATCH(H22, $AO$4:$AR$4, 0), 0)=1, "2016–2017", IF(IFERROR(MATCH(H22, $AS$4:$AV$4, 0), 0)=1, "2017–2018", IF(IFERROR(MATCH(H22, $AW$4:$AZ$4, 0), 0)=1, "2018–2019", IF(IFERROR(MATCH(H22, $BA$4:$BD$4, 0), 0)=1, "2019–2020", IF(IFERROR(MATCH(H22, $BE$4:$BH$4, 0), 0)=1, "2020–2021", IF(IFERROR(MATCH(H22, $BI$4:$BL$4, 0), 0)=1, "2021–2022", ""))))))) | AE22: =SUM(J22:V22) -> 32.65 | AF22: =AE22/AB22 -> 0.0408125 | BQ22: 0 | BR22: 0 | BS22: 0 | BT22: 0 | BU22: 0 | BV22: 0 | BW22: 0 | BX22: 0 | BY22: 0 | BZ22: 0 | CA22: 0 | CB22: 0 | CC22: 0 | CD22: 0 | CE22: 0 | CF22: 0 | CG22: 0 | CH22: 0 | CI22: 0 | CJ22: 0 | CK22: 0 | CL22: 0 | CM22: 0 | CN22: 0 | CO22: 0 | CP22: 0 | CQ22: 0 | CR22: 0 | CS22: 0 | CT22: 0 | CU22: 0 | CV22: 0 | CW22: 0 | CX22: 0 | CY22: 0 | CZ22: 0 | DA22: 0 | DB22: 0 | DC22: 0 | DD22: 0 | DE22: 0 | DF22: 0 | DG22: 0 | DH22: 0 | DI22: 0 | DJ22: 0 | DK22: 0 | DL22: 0 | DM22: 0 | DN22: 0 | DO22: 0 | DP22: 0 | DQ22: 0 | DR22: 0 | DS22: 0 | DT22: 0 | DU22: 0 | DV22: 0 | DW22: 0 | DX22: 0 | DY22: 0 | DZ22: 0 | EA22: 0 | EB22: 0 | EC22: 0 | ED22: 0 | EE22: 0 | EF22: 0 | EG22: 0 | EH22: 0 | EI22: 0 | EJ22: 0 | EK22: 0 | EL22: 0
A23: =Данные!A23 -> 4755 | B23: =Данные!B23 -> 2017 | C23: =Данные!C23 -> компьютерных технологий и электронного обучения | D23: =Данные!D23 -> Готская Ирина Борисовна | E23: =Данные!E23 -> доктор педагогических наук | F23: =Данные!F23 -> профессор | G23: =Данные!G23 -> 1 | H23: =Данные!H23 -> 16007 | ... L23: =Данные!L23 -> 160 | M23: =SUM(J23:L23)/10 -> 19.2 | N23: =2+(0.33*W23) -> 6.62 | O23: =0.25*W23 -> 3.5 | P23: =0.25*W23 -> 3.5 | Q23: =Данные!Q23 -> 0 | R23: =Данные!R23 -> 0 | S23: =Данные!S23 -> 0 | T23: =Данные!T23 -> 22 | U23: =Данные!U23 -> 0 | V23: =Данные!V23 -> 0 | W23: =Данные!W23 -> 14 | X23: =Данные!X23 -> 1 | ... AA23: =Данные!AA23 -> осн | AB23: =VLOOKUP(F23, $BN$3:$BO$15, 2, 0) -> 750 | AC23: =IF(IFERROR(MATCH(H23, $AK$4:$BL$4, 0), 0)>=1, "ИВТ (бак)", IF(IFERROR(MATCH(H23, $AK$5:$BL$5, 0), 0)>=1, "КЭО (маг)", "")) | AD23: =IF(IFERROR(MATCH(H23, $AK$4:$AN$4, 0), 0)=1, "2015–2016", IF(IFERROR(MATCH(H23, $AO$4:$AR$4, 0), 0)=1, "2016–2017", IF(IFERROR(MATCH(H23, $AS$4:$AV$4, 0), 0)=1, "2017–2018", IF(IFERROR(MATCH(H23, $AW$4:$AZ$4, 0), 0)=1, "2018–2019", IF(IFERROR(MATCH(H23, $BA$4:$BD$4, 0), 0)=1, "2019–2020", IF(IFERROR(MATCH(H23, $BE$4:$BH$4, 0), 0)=1, "2020–2021", IF(IFERROR(MATCH(H23, $BI$4:$BL$4, 0), 0)=1, "2021–2022", ""))))))) | AE23: =SUM(J23:V23) -> 246.82 | AF23: =AE23/AB23 -> 0.32909333 | BQ23: 0 | BR23: 0 | BS23: 0 | BT23: 0 | BU23: 0 | BV23: 0 | BW23: 0 | BX23: 0 | BY23: 0 | BZ23: 0 | CA23: 0 | CB23: 0 | CC23: 0 | CD23: 0 | CE23: 0 | CF23: 0 | CG23: 0 | CH23: 0 | CI23: 0 | CJ23: 0 | CK23: 0 | CL23: 0 | CM23: 0 | CN23: 0 | CO23: 0 | CP23: 0 | CQ23: 0 | CR23: 0 | CS23: 0 | CT23: 0 | CU23: 0 | CV23: 0 | CW23: 0 | CX23: 0 | CY23: 0 | CZ23: 0 | DA23: 0 | DB23: 0 | DC23: 0 | DD23: 0 | DE23: 0 | DF23: 0 | DG23: 0 | DH23: 0 | DI23: 0 | DJ23: 0 | DK23: 0 | DL23: 0 | DM23: 0 | DN23: 0 | DO23: 0 | DP23: 0 | DQ23: 0 | DR23: 0 | DS23: 0 | DT23: 0 | DU23: 0 | DV23: 0 | DW23: 0 | DX23: 0 | DY23: 0 | DZ23: 0 | EA23: 0 | EB23: 0 | EC23: 0 | ED23: 0 | EE23: 0 | EF23: 0 | EG23: 0 | EH23: 0 | EI23: 0 | EJ23: 0 | EK23: 0 | EL23: 0
A24: =Данные!A24 -> 4755 | B24: =Данные!B24 -> 2018 | C24: =Данные!C24 -> компьютерных технологий и электронного обучения | D24: =Данные!D24 -> Готская Ирина Борисовна | E24: =Данные!E24 -> доктор педагогических наук | F24: =Данные!F24 -> профессор | G24: =Данные!G24 -> 0.75 | H24: =Данные!H24 -> 17235 | ... L24: =Данные!L24 -> 80 | M24: =SUM(J24:L24)/10 -> 9.6 | N24: =2+(0.33*W24) -> 9.26 | O24: =0.25*W24 -> 5.5 | P24: =0.25*W24 -> 5.5 | Q24: =Данные!Q24 -> 0 | R24: =Данные!R24 -> 0 | S24: =Данные!S24 -> 0 | T24: =Данные!T24 -> 13 | U24: =Данные!U24 -> 0 | V24: =Данные!V24 -> 0 | W24: =Данные!W24 -> 22 | X24: =Данные!X24 -> 1 | ... AA24: =Данные!AA24 -> осн | AB24: =VLOOKUP(F24, $BN$3:$BO$15, 2, 0) -> 750 | AC24: =IF(IFERROR(MATCH(H24, $AK$4:$BL$4, 0), 0)>=1, "ИВТ (бак)", IF(IFERROR(MATCH(H24, $AK$5:$BL$5, 0), 0)>=1, "КЭО (маг)", "")) | AD24: =IF(IFERROR(MATCH(H24, $AK$4:$AN$4, 0), 0)=1, "2015–2016", IF(IFERROR(MATCH(H24, $AO$4:$AR$4, 0), 0)=1, "2016–2017", IF(IFERROR(MATCH(H24, $AS$4:$AV$4, 0), 0)=1, "2017–2018", IF(IFERROR(MATCH(H24, $AW$4:$AZ$4, 0), 0)=1, "2018–2019", IF(IFERROR(MATCH(H24, $BA$4:$BD$4, 0), 0)=1, "2019–2020", IF(IFERROR(MATCH(H24, $BE$4:$BH$4, 0), 0)=1, "2020–2021", IF(IFERROR(MATCH(H24, $BI$4:$BL$4, 0), 0)=1, "2021–2022", ""))))))) | AE24: =SUM(J24:V24) -> 138.86 | AF24: =AE24/AB24 -> 0.18514667 | BQ24: 0 | BR24: 0 | BS24: 0 | BT24: 0 | BU24: 0 | BV24: 0 | BW24: 0 | BX24: 0 | BY24: 0 | BZ24: 0 | CA24: 0 | CB24: 0 | CC24: 0 | CD24: 0 | CE24: 0 | CF24: 0 | CG24: 0 | CH24: 0 | CI24: 0 | CJ24: 0 | CK24: 0 | CL24: 0 | CM24: 0 | CN24: 0 | CO24: 0 | CP24: 0 | CQ24: 0 | CR24: 0 | CS24: 0 | CT24: 0 | CU24: 0 | CV24: 0 | CW24: 0 | CX24: 0 | CY24: 0 | CZ24: 0 | DA24: 0 | DB24: 0 | DC24: 0 | DD24: 0 | DE24: 0 | DF24: 0 | DG24: 0 | DH24: 0 | DI24: 0 | DJ24: 0 | DK24: 0 | DL24: 0 | DM24: 0 | DN24: 0 | DO24: 0 | DP24: 0 | DQ24: 0 | DR24: 0 | DS24: 0 | DT24: 0 | DU24: 0 | DV24: 0 | DW24: 0 | DX24: 0 | DY24: 0 | DZ24: 0 | EA24: 0 | EB24: 0 | EC24: 0 | ED24: 0 | EE24: 0 | EF24: 0 | EG24: 0 | EH24: 0 | EI24: 0 | EJ24: 0 | EK24: 0 | EL24: 0
A25: =Данные!A25 -> 4848 | B25: =Данные!B25 -> 2015 | C25: =Данные!C25 -> компьютерных технологий и электронного обучения | D25: =Данные!D25 -> Абрамян Геннадий Владимирович | E25: =Данные!E25 -> доктор педагогических наук | F25: =Данные!F25 -> профессор | G25: =Данные!G25 -> 1 | H25: =Данные!H25 -> 14014 | ... L25: =Данные!L25 -> 42 | M25: =SUM(J25:L25)/10 -> 8.4 | N25: =2+(0.33*W25) -> 6.29 | O25: =0.25*W25 -> 3.25 | P25: =0.25*W25 -> 3.25 | Q25: =Данные!Q25 -> 0 | R25: =Данные!R25 -> 0 | S25: =Данные!S25 -> 0 | T25: =Данные!T25 -> 0 | U25: =Данные!U25 -> 0 | V25: =Данные!V25 -> 0 | W25: =Данные!W25 -> 13 | X25: =Данные!X25 -> 1 | ... AA25: =Данные!AA25 -> осн | AB25: =VLOOKUP(F25, $BN$3:$BO$15, 2, 0) -> 750 | AC25: =IF(IFERROR(MATCH(H25, $AK$4:$BL$4, 0), 0)>=1, "ИВТ (бак)", IF(IFERROR(MATCH(H25, $AK$5:$BL$5, 0), 0)>=1, "КЭО (маг)", "")) -> ИВТ (бак) | AD25: =IF(IFERROR(MATCH(H25, $AK$4:$AN$4, 0), 0)=1, "2015–2016", IF(IFERROR(MATCH(H25, $AO$4:$AR$4, 0), 0)=1, "2016–2017", IF(IFERROR(MATCH(H25, $AS$4:$AV$4, 0), 0)=1, "2017–2018", IF(IFERROR(MATCH(H25, $AW$4:$AZ$4, 0), 0)=1, "2018–2019", IF(IFERROR(MATCH(H25, $BA$4:$BD$4, 0), 0)=1, "2019–2020", IF(IFERROR(MATCH(H25, $BE$4:$BH$4, 0), 0)=1, "2020–2021", IF(IFERROR(MATCH(H25, $BI$4:$BL$4, 0), 0)=1, "2021–2022", ""))))))) -> 2015–2016 | AE25: =SUM(J25:V25) -> 105.19 | AF25: =AE25/AB25 -> 0.14025333 | BQ25: 0 | BR25: 0 | BS25: 0 | BT25: 0 | BU25: 0 | BV25: 0 | BW25: 0 | BX25: 0 | BY25: 0 | BZ25: 0 | CA25: 0 | CB25: 0 | CC25: 0 | CD25: 0 | CE25: 0 | CF25: 0 | CG25: 0 | CH25: 0 | CI25: 0 | CJ25: 0 | CK25: 0 | CL25: 0 | CM25: 0 | CN25: 0 | CO25: 0 | CP25: 0 | CQ25: 0 | CR25: 0 | CS25: 0 | CT25: 0 | CU25: 0 | CV25: 0 | CW25: 0 | CX25: 0 | CY25: 0 | CZ25: 0 | DA25: 0 | DB25: 0 | DC25: 0 | DD25: 0 | DE25: 0 | DF25: 0 | DG25: 0 | DH25: 0 | DI25: 0 | DJ25: 0 | DK25: 0 | DL25: 0 | DM25: 0 | DN25: 0 | DO25: 0 | DP25: 0 | DQ25: 0 | DR25: 0 | DS25: 0 | DT25: 0 | DU25: 0 | DV25: 0 | DW25: 0 | DX25: 0 | DY25: 0 | DZ25: 0 | EA25: 0 | EB25: 0 | EC25: 0 | ED25: 0 | EE25: 0 | EF25: 0 | EG25: 0 | EH25: 0 | EI25: 0 | EJ25: 0 | EK25: 0 | EL25: 0
A26: =Данные!A26 -> 4848 | B26: =Данные!B26 -> 2015 | C26: =Данные!C26 -> компьютерных технологий и электронного обучения | D26: =Данные!D26 -> Власова Елена Зотиковна | E26: =Данные!E26 -> доктор педагогических наук | F26: =Данные!F26 -> заведующий кафедрой | G26: =Данные!G26 -> 1 | H26: =Данные!H26 -> 14014 | ... L26: =Данные!L26 -> 0 | M26: =SUM(J26:L26)/10 -> 3.4 | N26: =2+(0.33*W26) -> 6.29 | O26: =0.25*W26 -> 3.25 | P26: =0.25*W26 -> 3.25 | Q26: =Данные!Q26 -> 0 | R26: =Данные!R26 -> 0 | S26: =Данные!S26 -> 0 | T26: =Данные!T26 -> 0 | U26: =Данные!U26 -> 0 | V26: =Данные!V26 -> 0 | W26: =Данные!W26 -> 13 | X26: =Данные!X26 -> 1 | ... AA26: =Данные!AA26 -> осн | AB26: =VLOOKUP(F26, $BN$3:$BO$15, 2, 0) -> 700 | AC26: =IF(IFERROR(MATCH(H26, $AK$4:$BL$4, 0), 0)>=1, "ИВТ (бак)", IF(IFERROR(MATCH(H26, $AK$5:$BL$5, 0), 0)>=1, "КЭО (маг)", "")) -> ИВТ (бак) | AD26: =IF(IFERROR(MATCH(H26, $AK$4:$AN$4, 0), 0)=1, "2015–2016", IF(IFERROR(MATCH(H26, $AO$4:$AR$4, 0), 0)=1, "2016–2017", IF(IFERROR(MATCH(H26, $AS$4:$AV$4, 0), 0)=1, "2017–2018", IF(IFERROR(MATCH(H26, $AW$4:$AZ$4, 0), 0)=1, "2018–2019", IF(IFERROR(MATCH(H26, $BA$4:$BD$4, 0), 0)=1, "2019–2020", IF(IFERROR(MATCH(H26, $BE$4:$BH$4, 0), 0)=1, "2020–2021", IF(IFERROR(MATCH(H26, $BI$4:$BL$4, 0), 0)=1, "2021–2022", ""))))))) -> 2015–2016 | AE26: =SUM(J26:V26) -> 50.19 | AF26: =AE26/AB26 -> 0.0717 | BQ26: 0 | BR26: 0 | BS26: 0 | BT26: 0 | BU26: 0 | BV26: 0 | BW26: 0 | BX26: 0 | BY26: 0 | BZ26: 0 | CA26: 0 | CB26: 0 | CC26: 0 | CD26: 0 | CE26: 0 | CF26: 0 | CG26: 0 | CH26: 0 | CI26: 0 | CJ26: 0 | CK26: 0 | CL26: 0 | CM26: 0 | CN26: 0 | CO26: 0 | CP26: 0 | CQ26: 0 | CR26: 0 | CS26: 0 | CT26: 0 | CU26: 0 | CV26: 0 | CW26: 0 | CX26: 0 | CY26: 0 | CZ26: 0 | DA26: 0 | DB26: 0 | DC26: 0 | DD26: 0 | DE26: 0 | DF26: 0 | DG26: 0 | DH26: 0 | DI26: 0 | DJ26: 0 | DK26: 0 | DL26: 0 | DM26: 0 | DN26: 0 | DO26: 0 | DP26: 0 | DQ26: 0 | DR26: 0 | DS26: 0 | DT26: 0 | DU26: 0 | DV26: 0 | DW26: 0 | DX26: 0 | DY26: 0 | DZ26: 0 | EA26: 0 | EB26: 0 | EC26: 0 | ED26: 0 | EE26: 0 | EF26: 0 | EG26: 0 | EH26: 0 | EI26: 0 | EJ26: 0 | EK26: 0 | EL26: 0
A27: =Данные!A27 -> 4848 | B27: =Данные!B27 -> 2015 | C27: =Данные!C27 -> компьютерных технологий и электронного обучения | D27: =Данные!D27 -> Власова Елена Зотиковна | E27: =Данные!E27 -> доктор педагогических наук | F27: =Данные!F27 -> заведующий кафедрой | G27: =Данные!G27 -> 1 | H27: =Данные!H27 -> 14014 | ... L27: =Данные!L27 -> 23 | M27: =SUM(J27:L27)/10 -> 3.6 | N27: =2+(0.33*W27) -> 6.29 | O27: =0.25*W27 -> 3.25 | P27: =0.25*W27 -> 3.25 | Q27: =Данные!Q27 -> 0 | R27: =Данные!R27 -> 0 | S27: =Данные!S27 -> 0 | T27: =Данные!T27 -> 0 | U27: =Данные!U27 -> 0 | V27: =Данные!V27 -> 0 | W27: =Данные!W27 -> 13 | X27: =Данные!X27 -> 1 | ... AA27: =Данные!AA27 -> осн | AB27: =VLOOKUP(F27, $BN$3:$BO$15, 2, 0) -> 700 | AC27: =IF(IFERROR(MATCH(H27, $AK$4:$BL$4, 0), 0)>=1, "ИВТ (бак)", IF(IFERROR(MATCH(H27, $AK$5:$BL$5, 0), 0)>=1, "КЭО (маг)", "")) -> ИВТ (бак) | AD27: =IF(IFERROR(MATCH(H27, $AK$4:$AN$4, 0), 0)=1, "2015–2016", IF(IFERROR(MATCH(H27, $AO$4:$AR$4, 0), 0)=1, "2016–2017", IF(IFERROR(MATCH(H27, $AS$4:$AV$4, 0), 0)=1, "2017–2018", IF(IFERROR(MATCH(H27, $AW$4:$AZ$4, 0), 0)=1, "2018–2019", IF(IFERROR(MATCH(H27, $BA$4:$BD$4, 0), 0)=1, "2019–2020", IF(IFERROR(MATCH(H27, $BE$4:$BH$4, 0), 0)=1, "2020–2021", IF(IFERROR(MATCH(H27, $BI$4:$BL$4, 0), 0)=1, "2021–2022", ""))))))) -> 2015–2016 | AE27: =SUM(J27:V27) -> 52.39 | AF27: =AE27/AB27 -> 0.074842857 | BQ27: 0 | BR27: 0 | BS27: 0 | BT27: 0 | BU27: 0 | BV27: 0 | BW27: 0 | BX27: 0 | BY27: 0 | BZ27: 0 | CA27: 0 | CB27: 0 | CC27: 0 | CD27: 0 | CE27: 0 | CF27: 0 | CG27: 0 | CH27: 0 | CI27: 0 | CJ27: 0 | CK27: 0 | CL27: 0 | CM27: 0 | CN27: 0 | CO27: 0 | CP27: 0 | CQ27: 0 | CR27: 0 | CS27: 0 | CT27: 0 | CU27: 0 | CV27: 0 | CW27: 0 | CX27: 0 | CY27: 0 | CZ27: 0 | DA27: 0 | DB27: 0 | DC27: 0 | DD27: 0 | DE27: 0 | DF27: 0 | DG27: 0 | DH27: 0 | DI27: 0 | DJ27: 0 | DK27: 0 | DL27: 0 | DM27: 0 | DN27: 0 | DO27: 0 | DP27: 0 | DQ27: 0 | DR27: 0 | DS27: 0 | DT27: 0 | DU27: 0 | DV27: 0 | DW27: 0 | DX27: 0 | DY27: 0 | DZ27: 0 | EA27: 0 | EB27: 0 | EC27: 0 | ED27: 0 | EE27: 0 | EF27: 0 | EG27: 0 | EH27: 0 | EI27: 0 | EJ27: 0 | EK27: 0 | EL27: 0
... A860: =Данные!A860 -> 6368 | B860: =Данные!B860 -> 2021 | C860: =Данные!C860 -> компьютерных технологий и электронного обучения | D860: =Данные!D860 -> Карпова Наталья Александровна | E860: =Данные!E860 -> кандидат технических наук | F860: =Данные!F860 -> доцент | G860: =Данные!G860 -> 0.75 | H860: =Данные!H860 -> 4 курс 2018 год/пост | ... L860: =Данные!L860 -> 0 | M860: =SUM(J860:L860)/10 -> 0 | N860: =2+(0.33*W860) -> 14.87 | O860: =0.25*W860 -> 9.75 | P860: =0.25*W860 -> 9.75 | Q860: =Данные!Q860 -> 0 | R860: =Данные!R860 -> 7 | S860: =Данные!S860 -> 5 | T860: =Данные!T860 -> 0 | U860: =Данные!U860 -> 0 | V860: =Данные!V860 -> 0 | W860: =Данные!W860 -> 39 | X860: =Данные!X860 -> 2 | ... AA860: =Данные!AA860 -> осн | AB860: =VLOOKUP(F860, $BN$3:$BO$15, 2, 0) -> 800 | AC860: =IF(IFERROR(MATCH(H860, $AK$4:$BL$4, 0), 0)>=1, "ИВТ (бак)", IF(IFERROR(MATCH(H860, $AK$5:$BL$5, 0), 0)>=1, "КЭО (маг)", "")) -> ИВТ (бак) | AD860: =IF(IFERROR(MATCH(H860, $AK$4:$AN$4, 0), 0)=1, "2015–2016", IF(IFERROR(MATCH(H860, $AO$4:$AR$4, 0), 0)=1, "2016–2017", IF(IFERROR(MATCH(H860, $AS$4:$AV$4, 0), 0)=1, "2017–2018", IF(IFERROR(MATCH(H860, $AW$4:$AZ$4, 0), 0)=1, "2018–2019", IF(IFERROR(MATCH(H860, $BA$4:$BD$4, 0), 0)=1, "2019–2020", IF(IFERROR(MATCH(H860, $BE$4:$BH$4, 0), 0)=1, "2020–2021", IF(IFERROR(MATCH(H860, $BI$4:$BL$4, 0), 0)=1, "2021–2022", ""))))))) | AE860: =SUM(J860:V860) -> 46.37 | AF860: =AE860/AB860 -> 0.0579625 | BQ860: 0 | BR860: 0 | BS860: 0 | BT860: 0 | BU860: 0 | BV860: 0 | BW860: 0 | BX860: 0 | BY860: 0 | BZ860: 0 | CA860: 0 | CB860: 0 | CC860: 0 | CD860: 0 | CE860: 0 | CF860: 0 | CG860: 0 | CH860: 0 | CI860: 0 | CJ860: 0 | CK860: 0 | CL860: 0 | CM860: 0 | CN860: 0 | CO860: 0 | CP860: 0 | CQ860: 0 | CR860: 0 | CS860: 0 | CT860: 0 | CU860: 0 | CV860: 0 | CW860: 0 | CX860: 0 | CY860: 0 | CZ860: 0 | DA860: 0 | DB860: 0 | DC860: 0 | DD860: 0 | DE860: 0 | DF860: 0 | DG860: 0 | DH860: 0 | DI860: 0 | DJ860: 0 | DK860: 0 | DL860: 0 | DM860: 0 | DN860: 0 | DO860: 0 | DP860: 0 | DQ860: 0 | DR860: 0 | DS860: 0 | DT860: 0 | DU860: 0 | DV860: 0 | DW860: 0 | DX860: 0 | DY860: 0 | DZ860: 0 | EA860: 0 | EB860: 0 | EC860: 0 | ED860: 0 | EE860: 0 | EF860: 0 | EG860: 0 | EH860: 0 | EI860: 0 | EJ860: 0 | EK860: 0 | EL860: 0
A861: =Данные!A861 -> 6368 | B861: =Данные!B861 -> 2021 | C861: =Данные!C861 -> компьютерных технологий и электронного обучения | D861: =Данные!D861 -> Власова Елена Зотиковна | E861: =Данные!E861 -> доктор педагогических наук | F861: =Данные!F861 -> заведующий кафедрой | G861: =Данные!G861 -> 1 | H861: =Данные!H861 -> 4 курс 2018 год/пост | ... L861: =Данные!L861 -> 0 | M861: =SUM(J861:L861)/10 -> 0 | N861: =2+(0.33*W861) -> 14.87 | O861: =0.25*W861 -> 9.75 | P861: =0.25*W861 -> 9.75 | Q861: =Данные!Q861 -> 0 | R861: =Данные!R861 -> 6 | S861: =Данные!S861 -> 3 | T861: =Данные!T861 -> 0 | U861: =Данные!U861 -> 0 | V861: =Данные!V861 -> 0 | W861: =Данные!W861 -> 39 | X861: =Данные!X861 -> 2 | ... AA861: =Данные!AA861 -> осн | AB861: =VLOOKUP(F861, $BN$3:$BO$15, 2, 0) -> 700 | AC861: =IF(IFERROR(MATCH(H861, $AK$4:$BL$4, 0), 0)>=1, "ИВТ (бак)", IF(IFERROR(MATCH(H861, $AK$5:$BL$5, 0), 0)>=1, "КЭО (маг)", "")) -> ИВТ (бак) | AD861: =IF(IFERROR(MATCH(H861, $AK$4:$AN$4, 0), 0)=1, "2015–2016", IF(IFERROR(MATCH(H861, $AO$4:$AR$4, 0), 0)=1, "2016–2017", IF(IFERROR(MATCH(H861, $AS$4:$AV$4, 0), 0)=1, "2017–2018", IF(IFERROR(MATCH(H861, $AW$4:$AZ$4, 0), 0)=1, "2018–2019", IF(IFERROR(MATCH(H861, $BA$4:$BD$4, 0), 0)=1, "2019–2020", IF(IFERROR(MATCH(H861, $BE$4:$BH$4, 0), 0)=1, "2020–2021", IF(IFERROR(MATCH(H861, $BI$4:$BL$4, 0), 0)=1, "2021–2022", ""))))))) | AE861: =SUM(J861:V861) -> 43.37 | AF861: =AE861/AB861 -> 0.061957143
A862: =Данные!A862 -> 6368 | B862: =Данные!B862 -> 2021 | C862: =Данные!C862 -> компьютерных технологий и электронного обучения | D862: =Данные!D862 -> Воробьев Владимир Иванович | E862: =Данные!E862 -> доктор технических наук | F862: =Данные!F862 -> внешний | G862: =Данные!G862 -> 1 | H862: =Данные!H862 -> 4 курс 2018 год/пост | ... L862: =Данные!L862 -> 0 | M862: =SUM(J862:L862)/10 -> 0 | N862: =2+(0.33*W862) -> 14.87 | O862: =0.25*W862 -> 9.75 | P862: =0.25*W862 -> 9.75 | Q862: =Данные!Q862 -> 0 | R862: =Данные!R862 -> 0 | S862: =Данные!S862 -> 0 | T862: =Данные!T862 -> 0 | U862: =Данные!U862 -> 0 | V862: =Данные!V862 -> 0 | W862: =Данные!W862 -> 39 | X862: =Данные!X862 -> 2 | ... AA862: =Данные!AA862 -> осн | AB862: =VLOOKUP(F862, $BN$3:$BO$15, 2, 0) -> 900 | AC862: =IF(IFERROR(MATCH(H862, $AK$4:$BL$4, 0), 0)>=1, "ИВТ (бак)", IF(IFERROR(MATCH(H862, $AK$5:$BL$5, 0), 0)>=1, "КЭО (маг)", "")) -> ИВТ (бак) | AD862: =IF(IFERROR(MATCH(H862, $AK$4:$AN$4, 0), 0)=1, "2015–2016", IF(IFERROR(MATCH(H862, $AO$4:$AR$4, 0), 0)=1, "2016–2017", IF(IFERROR(MATCH(H862, $AS$4:$AV$4, 0), 0)=1, "2017–2018", IF(IFERROR(MATCH(H862, $AW$4:$AZ$4, 0), 0)=1, "2018–2019", IF(IFERROR(MATCH(H862, $BA$4:$BD$4, 0), 0)=1, "2019–2020", IF(IFERROR(MATCH(H862, $BE$4:$BH$4, 0), 0)=1, "2020–2021", IF(IFERROR(MATCH(H862, $BI$4:$BL$4, 0), 0)=1, "2021–2022", ""))))))) | AE862: =SUM(J862:V862) -> 34.37 | AF862: =AE862/AB862 -> 0.038188889

Sheet ИВТ 2015 (за 4 года)
J1: Лекции | K1: Практ. | L1: Лаб.р. | M1: конс. | N1: экз | O1: диф.зач | P1: зач | Q1: курсов.р | R1: ГЭК (защита) | S1: ГЭК (экзамен) | T1: Контроль | U1: Практики | V1: Рук-во | AB1: Стандарт часов в год | AC1: Бакалавры ИВТ / магистры КЭО | AD1: Учебный год | AE1: Сумма часов | AF1: Объём учебной нагрузки (доля ставки) | AG1: Сумма долей работодателей | AH1: Процент работодателей от общей суммы часов
A2: Код УП | B2: Год нагрузки | C2: Кафедра | D2: ФИО | E2: Степень | F2: Должность | G2: Ставка | H2: Код РУП | I2: Дисциплина / практика / ВКР / ГИА | J2: Часы | W2: Студ. | X2: Количество групп | Y2: Количество подгрупп | Z2: Специальность | AA2: Вид нагрузки

Sheet Преподаватели
A1: Абдуллаева Любовь Магомедовна | C1: Абдуллаева Любовь Магомедовна | D1: Абрамян Геннадий Владимирович | E1: Авксентьева Елена Юрьевна | F1: Акимов Станислав Сергеевич | G1: Аксютин Павел Александрович | H1: Атаян Ануш Михайловна | I1: Байгузева Александра Петровна | J1: Барченко Сергей Алексеевич | K1: Бендюкова Татьяна Савельевна | L1: Богатова Елена Владимировна | M1: Бочковская Виктория Леонидовна | N1: Васильев Сергей Васильевич | O1: Василькова Ирина Генриховна | P1: Васютина Ирина Павловна | Q1: Власов Дмитрий Викторович | R1: Власова Елена Зотиковна | S1: Воробьев Владимир Иванович | T1: Гасумянц Виталий Эдуардович | U1: Гончарко Дмитрий Николаевич | V1: Гончарова Светлана Викторовна | W1: Государев Илья Борисович | X1: Готская Ирина Борисовна | Y1: Дулин Юрий Николаевич | Z1: Еремина Нелли Владимировна | AA1: Ерошкина Ольга Николаевна | AB1: Есипова Александра Анатольевна | AC1: Жаркой Александр Борисович | AD1: Жуков Николай Николаевич | AE1: Жукова Татьяна Викторовна | AF1: Земляницин Владимир Александрович | AG1: Зюкин Анатолий Васильевич | AH1: Иванов Георгий Владимирович | AI1: Иванова Екатерина Алексеевна | AJ1: Ильина Татьяна Сергеевна | AK1: Карпова Наталья Александровна | AL1: Качоровская Анна Евгеньевна | AM1: Колдунов Андрей Витальевич | AN1: Кондаков Юрий Евгеньевич | AO1: Копыльцов Александр Васильевич | AP1: Косова Ирина Святославна | AQ1: Кравченко Наталия Николаевна | AR1: Кудрявцева Наталья Фаддеевна | AS1: Кужельная Оксана Владимировна | AT1: Кузнецова Надежда Леонидовна | AU1: Лапина Ирина Александровна | AV1: Левина Ирина Николаевна | AW1: Лужков Александр Альбертович | AX1: Любимов Александр Владимирович | AY1: Маслов Вадим Владимирович | AZ1: Матюшичев Илья Юрьевич | BA1: Михайлов Александр Борисович | BB1: Николаева Наталья Викторовна | BC1: Пальтиель Лев Романович | BD1: Пантелеева Людмила Валентиновна | BE1: Певзнер Игорь Михайлович | BF1: Пентина Анна Юрьевна | BG1: Полякова Наталия Александровна | BH1: Порязь Надежда Вадимовна | BI1: Поспелов Михаил Владимирович | BJ1: Пую Юлия Валерьевна | BK1: Разуваев Николай Викторович | BL1: Райкова Вера Алексеевна | BM1: Рудаков Леонид Ильич | BN1: Серегин Александр Николаевич | BO1: Серегин Павел Павлович | BP1: Силантьев Евгений Евгеньевич | BQ1: Смирнов Александр Михайлович | BR1: Тарамжина Людмила Витольдовна | BS1: Тихонова Анастасия Михайловна | BT1: Хахалина Марина Сергеевна | BU1: Хинич Иосиф Исаакович | BV1: Шалденкова Анна Владимировна | BW1: Шангин Андрей Борисович | BX1: Швецкий Михаил Владимирович | BY1: Швинк Лоренс Ричард
A2: Абрамян Геннадий Владимирович
A3: Авксентьева Елена Юрьевна
A4: Акимов Станислав Сергеевич
A5: Аксютин Павел Александрович
A6: Атаян Ануш Михайловна
A7: Байгузева Александра Петровна
A8: Барченко Сергей Алексеевич
A9: Бендюкова Татьяна Савельевна
A10: Богатова Елена Владимировна
A11: Бочковская Виктория Леонидовна
A12: Васильев Сергей Васильевич
A13: Василькова Ирина Генриховна
... A75: Швинк Лоренс Ричард
